,id_sim,round,attendance,id_player,decision,score,model,threshold,num_agents
0,65a9eef4-5d0e-11f0-9434-beb3bfa57af1,0,"[0, 0, 1, 1, 0]",0,0,0,,0.4,5
1,65a9eef4-5d0e-11f0-9434-beb3bfa57af1,0,"[0, 0, 1, 1, 0]",1,0,0,,0.4,5
2,65a9eef4-5d0e-11f0-9434-beb3bfa57af1,0,"[0, 0, 1, 1, 0]",2,1,1,,0.4,5
3,65a9eef4-5d0e-11f0-9434-beb3bfa57af1,0,"[0, 0, 1, 1, 0]",3,1,1,,0.4,5
4,65a9eef4-5d0e-11f0-9434-beb3bfa57af1,0,"[0, 0, 1, 1, 0]",4,0,0,,0.4,5
5,65a9eef4-5d0e-11f0-9434-beb3bfa57af1,1,"[1, 0, 0, 0, 1]",0,1,1,,0.4,5
6,65a9eef4-5d0e-11f0-9434-beb3bfa57af1,1,"[1, 0, 0, 0, 1]",1,0,0,,0.4,5
7,65a9eef4-5d0e-11f0-9434-beb3bfa57af1,1,"[1, 0, 0, 0, 1]",2,0,0,,0.4,5
8,65a9eef4-5d0e-11f0-9434-beb3bfa57af1,1,"[1, 0, 0, 0, 1]",3,0,0,,0.4,5
9,65a9eef4-5d0e-11f0-9434-beb3bfa57af1,1,"[1, 0, 0, 0, 1]",4,1,1,,0.4,5
10,65a9eef4-5d0e-11f0-9434-beb3bfa57af1,2,"[1, 0, 1, 1, 1]",0,1,-1,,0.4,5
11,65a9eef4-5d0e-11f0-9434-beb3bfa57af1,2,"[1, 0, 1, 1, 1]",1,0,0,,0.4,5
12,65a9eef4-5d0e-11f0-9434-beb3bfa57af1,2,"[1, 0, 1, 1, 1]",2,1,-1,,0.4,5
13,65a9eef4-5d0e-11f0-9434-beb3bfa57af1,2,"[1, 0, 1, 1, 1]",3,1,-1,,0.4,5
14,65a9eef4-5d0e-11f0-9434-beb3bfa57af1,2,"[1, 0, 1, 1, 1]",4,1,-1,,0.4,5
15,65a9eef4-5d0e-11f0-9434-beb3bfa57af1,3,"[0, 1, 0, 1, 1]",0,0,0,,0.4,5
16,65a9eef4-5d0e-11f0-9434-beb3bfa57af1,3,"[0, 1, 0, 1, 1]",1,1,-1,,0.4,5
17,65a9eef4-5d0e-11f0-9434-beb3bfa57af1,3,"[0, 1, 0, 1, 1]",2,0,0,,0.4,5
18,65a9eef4-5d0e-11f0-9434-beb3bfa57af1,3,"[0, 1, 0, 1, 1]",3,1,-1,,0.4,5
19,65a9eef4-5d0e-11f0-9434-beb3bfa57af1,3,"[0, 1, 0, 1, 1]",4,1,-1,,0.4,5
20,65a9eef4-5d0e-11f0-9434-beb3bfa57af1,4,"[0, 1, 1, 0, 1]",0,0,0,,0.4,5
21,65a9eef4-5d0e-11f0-9434-beb3bfa57af1,4,"[0, 1, 1, 0, 1]",1,1,-1,,0.4,5
22,65a9eef4-5d0e-11f0-9434-beb3bfa57af1,4,"[0, 1, 1, 0, 1]",2,1,-1,,0.4,5
23,65a9eef4-5d0e-11f0-9434-beb3bfa57af1,4,"[0, 1, 1, 0, 1]",3,0,0,,0.4,5
24,65a9eef4-5d0e-11f0-9434-beb3bfa57af1,4,"[0, 1, 1, 0, 1]",4,1,-1,,0.4,5
25,65a9eef4-5d0e-11f0-9434-beb3bfa57af1,5,"[0, 0, 1, 1, 1]",0,0,0,,0.4,5
26,65a9eef4-5d0e-11f0-9434-beb3bfa57af1,5,"[0, 0, 1, 1, 1]",1,0,0,,0.4,5
27,65a9eef4-5d0e-11f0-9434-beb3bfa57af1,5,"[0, 0, 1, 1, 1]",2,1,-1,,0.4,5
28,65a9eef4-5d0e-11f0-9434-beb3bfa57af1,5,"[0, 0, 1, 1, 1]",3,1,-1,,0.4,5
29,65a9eef4-5d0e-11f0-9434-beb3bfa57af1,5,"[0, 0, 1, 1, 1]",4,1,-1,,0.4,5
30,65a9eef4-5d0e-11f0-9434-beb3bfa57af1,6,"[1, 1, 0, 1, 1]",0,1,-1,,0.4,5
31,65a9eef4-5d0e-11f0-9434-beb3bfa57af1,6,"[1, 1, 0, 1, 1]",1,1,-1,,0.4,5
32,65a9eef4-5d0e-11f0-9434-beb3bfa57af1,6,"[1, 1, 0, 1, 1]",2,0,0,,0.4,5
33,65a9eef4-5d0e-11f0-9434-beb3bfa57af1,6,"[1, 1, 0, 1, 1]",3,1,-1,,0.4,5
34,65a9eef4-5d0e-11f0-9434-beb3bfa57af1,6,"[1, 1, 0, 1, 1]",4,1,-1,,0.4,5
35,65a9eef4-5d0e-11f0-9434-beb3bfa57af1,7,"[0, 1, 1, 0, 0]",0,0,0,,0.4,5
36,65a9eef4-5d0e-11f0-9434-beb3bfa57af1,7,"[0, 1, 1, 0, 0]",1,1,1,,0.4,5
37,65a9eef4-5d0e-11f0-9434-beb3bfa57af1,7,"[0, 1, 1, 0, 0]",2,1,1,,0.4,5
38,65a9eef4-5d0e-11f0-9434-beb3bfa57af1,7,"[0, 1, 1, 0, 0]",3,0,0,,0.4,5
39,65a9eef4-5d0e-11f0-9434-beb3bfa57af1,7,"[0, 1, 1, 0, 0]",4,0,0,,0.4,5
40,65a9eef4-5d0e-11f0-9434-beb3bfa57af1,8,"[1, 1, 0, 0, 1]",0,1,-1,,0.4,5
41,65a9eef4-5d0e-11f0-9434-beb3bfa57af1,8,"[1, 1, 0, 0, 1]",1,1,-1,,0.4,5
42,65a9eef4-5d0e-11f0-9434-beb3bfa57af1,8,"[1, 1, 0, 0, 1]",2,0,0,,0.4,5
43,65a9eef4-5d0e-11f0-9434-beb3bfa57af1,8,"[1, 1, 0, 0, 1]",3,0,0,,0.4,5
44,65a9eef4-5d0e-11f0-9434-beb3bfa57af1,8,"[1, 1, 0, 0, 1]",4,1,-1,,0.4,5
45,65a9eef4-5d0e-11f0-9434-beb3bfa57af1,9,"[0, 0, 0, 0, 1]",0,0,0,,0.4,5
46,65a9eef4-5d0e-11f0-9434-beb3bfa57af1,9,"[0, 0, 0, 0, 1]",1,0,0,,0.4,5
47,65a9eef4-5d0e-11f0-9434-beb3bfa57af1,9,"[0, 0, 0, 0, 1]",2,0,0,,0.4,5
48,65a9eef4-5d0e-11f0-9434-beb3bfa57af1,9,"[0, 0, 0, 0, 1]",3,0,0,,0.4,5
49,65a9eef4-5d0e-11f0-9434-beb3bfa57af1,9,"[0, 0, 0, 0, 1]",4,1,1,,0.4,5
50,65a9eef4-5d0e-11f0-9434-beb3bfa57af1,10,"[0, 1, 1, 0, 1]",0,0,0,,0.4,5
51,65a9eef4-5d0e-11f0-9434-beb3bfa57af1,10,"[0, 1, 1, 0, 1]",1,1,-1,,0.4,5
52,65a9eef4-5d0e-11f0-9434-beb3bfa57af1,10,"[0, 1, 1, 0, 1]",2,1,-1,,0.4,5
53,65a9eef4-5d0e-11f0-9434-beb3bfa57af1,10,"[0, 1, 1, 0, 1]",3,0,0,,0.4,5
54,65a9eef4-5d0e-11f0-9434-beb3bfa57af1,10,"[0, 1, 1, 0, 1]",4,1,-1,,0.4,5
55,65a9eef4-5d0e-11f0-9434-beb3bfa57af1,11,"[0, 0, 0, 1, 1]",0,0,0,,0.4,5
56,65a9eef4-5d0e-11f0-9434-beb3bfa57af1,11,"[0, 0, 0, 1, 1]",1,0,0,,0.4,5
57,65a9eef4-5d0e-11f0-9434-beb3bfa57af1,11,"[0, 0, 0, 1, 1]",2,0,0,,0.4,5
58,65a9eef4-5d0e-11f0-9434-beb3bfa57af1,11,"[0, 0, 0, 1, 1]",3,1,1,,0.4,5
59,65a9eef4-5d0e-11f0-9434-beb3bfa57af1,11,"[0, 0, 0, 1, 1]",4,1,1,,0.4,5
60,65a9eef4-5d0e-11f0-9434-beb3bfa57af1,12,"[1, 0, 0, 1, 0]",0,1,1,,0.4,5
61,65a9eef4-5d0e-11f0-9434-beb3bfa57af1,12,"[1, 0, 0, 1, 0]",1,0,0,,0.4,5
62,65a9eef4-5d0e-11f0-9434-beb3bfa57af1,12,"[1, 0, 0, 1, 0]",2,0,0,,0.4,5
63,65a9eef4-5d0e-11f0-9434-beb3bfa57af1,12,"[1, 0, 0, 1, 0]",3,1,1,,0.4,5
64,65a9eef4-5d0e-11f0-9434-beb3bfa57af1,12,"[1, 0, 0, 1, 0]",4,0,0,,0.4,5
65,65a9eef4-5d0e-11f0-9434-beb3bfa57af1,13,"[1, 0, 0, 1, 1]",0,1,-1,,0.4,5
66,65a9eef4-5d0e-11f0-9434-beb3bfa57af1,13,"[1, 0, 0, 1, 1]",1,0,0,,0.4,5
67,65a9eef4-5d0e-11f0-9434-beb3bfa57af1,13,"[1, 0, 0, 1, 1]",2,0,0,,0.4,5
68,65a9eef4-5d0e-11f0-9434-beb3bfa57af1,13,"[1, 0, 0, 1, 1]",3,1,-1,,0.4,5
69,65a9eef4-5d0e-11f0-9434-beb3bfa57af1,13,"[1, 0, 0, 1, 1]",4,1,-1,,0.4,5
70,65a9eef4-5d0e-11f0-9434-beb3bfa57af1,14,"[1, 1, 0, 0, 1]",0,1,-1,,0.4,5
71,65a9eef4-5d0e-11f0-9434-beb3bfa57af1,14,"[1, 1, 0, 0, 1]",1,1,-1,,0.4,5
72,65a9eef4-5d0e-11f0-9434-beb3bfa57af1,14,"[1, 1, 0, 0, 1]",2,0,0,,0.4,5
73,65a9eef4-5d0e-11f0-9434-beb3bfa57af1,14,"[1, 1, 0, 0, 1]",3,0,0,,0.4,5
74,65a9eef4-5d0e-11f0-9434-beb3bfa57af1,14,"[1, 1, 0, 0, 1]",4,1,-1,,0.4,5
75,65a9eef4-5d0e-11f0-9434-beb3bfa57af1,15,"[1, 0, 0, 1, 1]",0,1,-1,,0.4,5
76,65a9eef4-5d0e-11f0-9434-beb3bfa57af1,15,"[1, 0, 0, 1, 1]",1,0,0,,0.4,5
77,65a9eef4-5d0e-11f0-9434-beb3bfa57af1,15,"[1, 0, 0, 1, 1]",2,0,0,,0.4,5
78,65a9eef4-5d0e-11f0-9434-beb3bfa57af1,15,"[1, 0, 0, 1, 1]",3,1,-1,,0.4,5
79,65a9eef4-5d0e-11f0-9434-beb3bfa57af1,15,"[1, 0, 0, 1, 1]",4,1,-1,,0.4,5
80,65a9eef4-5d0e-11f0-9434-beb3bfa57af1,16,"[0, 0, 1, 0, 1]",0,0,0,,0.4,5
81,65a9eef4-5d0e-11f0-9434-beb3bfa57af1,16,"[0, 0, 1, 0, 1]",1,0,0,,0.4,5
82,65a9eef4-5d0e-11f0-9434-beb3bfa57af1,16,"[0, 0, 1, 0, 1]",2,1,1,,0.4,5
83,65a9eef4-5d0e-11f0-9434-beb3bfa57af1,16,"[0, 0, 1, 0, 1]",3,0,0,,0.4,5
84,65a9eef4-5d0e-11f0-9434-beb3bfa57af1,16,"[0, 0, 1, 0, 1]",4,1,1,,0.4,5
85,65a9eef4-5d0e-11f0-9434-beb3bfa57af1,17,"[1, 0, 1, 0, 0]",0,1,1,,0.4,5
86,65a9eef4-5d0e-11f0-9434-beb3bfa57af1,17,"[1, 0, 1, 0, 0]",1,0,0,,0.4,5
87,65a9eef4-5d0e-11f0-9434-beb3bfa57af1,17,"[1, 0, 1, 0, 0]",2,1,1,,0.4,5
88,65a9eef4-5d0e-11f0-9434-beb3bfa57af1,17,"[1, 0, 1, 0, 0]",3,0,0,,0.4,5
89,65a9eef4-5d0e-11f0-9434-beb3bfa57af1,17,"[1, 0, 1, 0, 0]",4,0,0,,0.4,5
90,65a9eef4-5d0e-11f0-9434-beb3bfa57af1,18,"[1, 1, 1, 0, 0]",0,1,-1,,0.4,5
91,65a9eef4-5d0e-11f0-9434-beb3bfa57af1,18,"[1, 1, 1, 0, 0]",1,1,-1,,0.4,5
92,65a9eef4-5d0e-11f0-9434-beb3bfa57af1,18,"[1, 1, 1, 0, 0]",2,1,-1,,0.4,5
93,65a9eef4-5d0e-11f0-9434-beb3bfa57af1,18,"[1, 1, 1, 0, 0]",3,0,0,,0.4,5
94,65a9eef4-5d0e-11f0-9434-beb3bfa57af1,18,"[1, 1, 1, 0, 0]",4,0,0,,0.4,5
95,65a9eef4-5d0e-11f0-9434-beb3bfa57af1,19,"[0, 1, 0, 1, 1]",0,0,0,,0.4,5
96,65a9eef4-5d0e-11f0-9434-beb3bfa57af1,19,"[0, 1, 0, 1, 1]",1,1,-1,,0.4,5
97,65a9eef4-5d0e-11f0-9434-beb3bfa57af1,19,"[0, 1, 0, 1, 1]",2,0,0,,0.4,5
98,65a9eef4-5d0e-11f0-9434-beb3bfa57af1,19,"[0, 1, 0, 1, 1]",3,1,-1,,0.4,5
99,65a9eef4-5d0e-11f0-9434-beb3bfa57af1,19,"[0, 1, 0, 1, 1]",4,1,-1,,0.4,5
100,65a9eef4-5d0e-11f0-9434-beb3bfa57af1,20,"[1, 1, 1, 1, 1]",0,1,-1,,0.4,5
101,65a9eef4-5d0e-11f0-9434-beb3bfa57af1,20,"[1, 1, 1, 1, 1]",1,1,-1,,0.4,5
102,65a9eef4-5d0e-11f0-9434-beb3bfa57af1,20,"[1, 1, 1, 1, 1]",2,1,-1,,0.4,5
103,65a9eef4-5d0e-11f0-9434-beb3bfa57af1,20,"[1, 1, 1, 1, 1]",3,1,-1,,0.4,5
104,65a9eef4-5d0e-11f0-9434-beb3bfa57af1,20,"[1, 1, 1, 1, 1]",4,1,-1,,0.4,5
105,65a9eef4-5d0e-11f0-9434-beb3bfa57af1,21,"[1, 1, 0, 0, 0]",0,1,1,,0.4,5
106,65a9eef4-5d0e-11f0-9434-beb3bfa57af1,21,"[1, 1, 0, 0, 0]",1,1,1,,0.4,5
107,65a9eef4-5d0e-11f0-9434-beb3bfa57af1,21,"[1, 1, 0, 0, 0]",2,0,0,,0.4,5
108,65a9eef4-5d0e-11f0-9434-beb3bfa57af1,21,"[1, 1, 0, 0, 0]",3,0,0,,0.4,5
109,65a9eef4-5d0e-11f0-9434-beb3bfa57af1,21,"[1, 1, 0, 0, 0]",4,0,0,,0.4,5
110,65a9eef4-5d0e-11f0-9434-beb3bfa57af1,22,"[0, 1, 0, 0, 0]",0,0,0,,0.4,5
111,65a9eef4-5d0e-11f0-9434-beb3bfa57af1,22,"[0, 1, 0, 0, 0]",1,1,1,,0.4,5
112,65a9eef4-5d0e-11f0-9434-beb3bfa57af1,22,"[0, 1, 0, 0, 0]",2,0,0,,0.4,5
113,65a9eef4-5d0e-11f0-9434-beb3bfa57af1,22,"[0, 1, 0, 0, 0]",3,0,0,,0.4,5
114,65a9eef4-5d0e-11f0-9434-beb3bfa57af1,22,"[0, 1, 0, 0, 0]",4,0,0,,0.4,5
115,65a9eef4-5d0e-11f0-9434-beb3bfa57af1,23,"[1, 1, 0, 0, 1]",0,1,-1,,0.4,5
116,65a9eef4-5d0e-11f0-9434-beb3bfa57af1,23,"[1, 1, 0, 0, 1]",1,1,-1,,0.4,5
117,65a9eef4-5d0e-11f0-9434-beb3bfa57af1,23,"[1, 1, 0, 0, 1]",2,0,0,,0.4,5
118,65a9eef4-5d0e-11f0-9434-beb3bfa57af1,23,"[1, 1, 0, 0, 1]",3,0,0,,0.4,5
119,65a9eef4-5d0e-11f0-9434-beb3bfa57af1,23,"[1, 1, 0, 0, 1]",4,1,-1,,0.4,5
120,65a9eef4-5d0e-11f0-9434-beb3bfa57af1,24,"[0, 1, 0, 0, 1]",0,0,0,,0.4,5
121,65a9eef4-5d0e-11f0-9434-beb3bfa57af1,24,"[0, 1, 0, 0, 1]",1,1,1,,0.4,5
122,65a9eef4-5d0e-11f0-9434-beb3bfa57af1,24,"[0, 1, 0, 0, 1]",2,0,0,,0.4,5
123,65a9eef4-5d0e-11f0-9434-beb3bfa57af1,24,"[0, 1, 0, 0, 1]",3,0,0,,0.4,5
124,65a9eef4-5d0e-11f0-9434-beb3bfa57af1,24,"[0, 1, 0, 0, 1]",4,1,1,,0.4,5
125,65a9eef4-5d0e-11f0-9434-beb3bfa57af1,25,"[1, 1, 0, 1, 0]",0,1,-1,,0.4,5
126,65a9eef4-5d0e-11f0-9434-beb3bfa57af1,25,"[1, 1, 0, 1, 0]",1,1,-1,,0.4,5
127,65a9eef4-5d0e-11f0-9434-beb3bfa57af1,25,"[1, 1, 0, 1, 0]",2,0,0,,0.4,5
128,65a9eef4-5d0e-11f0-9434-beb3bfa57af1,25,"[1, 1, 0, 1, 0]",3,1,-1,,0.4,5
129,65a9eef4-5d0e-11f0-9434-beb3bfa57af1,25,"[1, 1, 0, 1, 0]",4,0,0,,0.4,5
130,65a9eef4-5d0e-11f0-9434-beb3bfa57af1,26,"[0, 1, 1, 0, 1]",0,0,0,,0.4,5
131,65a9eef4-5d0e-11f0-9434-beb3bfa57af1,26,"[0, 1, 1, 0, 1]",1,1,-1,,0.4,5
132,65a9eef4-5d0e-11f0-9434-beb3bfa57af1,26,"[0, 1, 1, 0, 1]",2,1,-1,,0.4,5
133,65a9eef4-5d0e-11f0-9434-beb3bfa57af1,26,"[0, 1, 1, 0, 1]",3,0,0,,0.4,5
134,65a9eef4-5d0e-11f0-9434-beb3bfa57af1,26,"[0, 1, 1, 0, 1]",4,1,-1,,0.4,5
135,65a9eef4-5d0e-11f0-9434-beb3bfa57af1,27,"[1, 0, 0, 0, 0]",0,1,1,,0.4,5
136,65a9eef4-5d0e-11f0-9434-beb3bfa57af1,27,"[1, 0, 0, 0, 0]",1,0,0,,0.4,5
137,65a9eef4-5d0e-11f0-9434-beb3bfa57af1,27,"[1, 0, 0, 0, 0]",2,0,0,,0.4,5
138,65a9eef4-5d0e-11f0-9434-beb3bfa57af1,27,"[1, 0, 0, 0, 0]",3,0,0,,0.4,5
139,65a9eef4-5d0e-11f0-9434-beb3bfa57af1,27,"[1, 0, 0, 0, 0]",4,0,0,,0.4,5
140,65a9eef4-5d0e-11f0-9434-beb3bfa57af1,28,"[0, 0, 0, 0, 0]",0,0,0,,0.4,5
141,65a9eef4-5d0e-11f0-9434-beb3bfa57af1,28,"[0, 0, 0, 0, 0]",1,0,0,,0.4,5
142,65a9eef4-5d0e-11f0-9434-beb3bfa57af1,28,"[0, 0, 0, 0, 0]",2,0,0,,0.4,5
143,65a9eef4-5d0e-11f0-9434-beb3bfa57af1,28,"[0, 0, 0, 0, 0]",3,0,0,,0.4,5
144,65a9eef4-5d0e-11f0-9434-beb3bfa57af1,28,"[0, 0, 0, 0, 0]",4,0,0,,0.4,5
145,65a9eef4-5d0e-11f0-9434-beb3bfa57af1,29,"[0, 1, 1, 1, 1]",0,0,0,,0.4,5
146,65a9eef4-5d0e-11f0-9434-beb3bfa57af1,29,"[0, 1, 1, 1, 1]",1,1,-1,,0.4,5
147,65a9eef4-5d0e-11f0-9434-beb3bfa57af1,29,"[0, 1, 1, 1, 1]",2,1,-1,,0.4,5
148,65a9eef4-5d0e-11f0-9434-beb3bfa57af1,29,"[0, 1, 1, 1, 1]",3,1,-1,,0.4,5
149,65a9eef4-5d0e-11f0-9434-beb3bfa57af1,29,"[0, 1, 1, 1, 1]",4,1,-1,,0.4,5
150,65a9eef4-5d0e-11f0-9434-beb3bfa57af1,30,"[1, 1, 0, 0, 0]",0,1,1,,0.4,5
151,65a9eef4-5d0e-11f0-9434-beb3bfa57af1,30,"[1, 1, 0, 0, 0]",1,1,1,,0.4,5
152,65a9eef4-5d0e-11f0-9434-beb3bfa57af1,30,"[1, 1, 0, 0, 0]",2,0,0,,0.4,5
153,65a9eef4-5d0e-11f0-9434-beb3bfa57af1,30,"[1, 1, 0, 0, 0]",3,0,0,,0.4,5
154,65a9eef4-5d0e-11f0-9434-beb3bfa57af1,30,"[1, 1, 0, 0, 0]",4,0,0,,0.4,5
155,65a9eef4-5d0e-11f0-9434-beb3bfa57af1,31,"[0, 0, 1, 1, 1]",0,0,0,,0.4,5
156,65a9eef4-5d0e-11f0-9434-beb3bfa57af1,31,"[0, 0, 1, 1, 1]",1,0,0,,0.4,5
157,65a9eef4-5d0e-11f0-9434-beb3bfa57af1,31,"[0, 0, 1, 1, 1]",2,1,-1,,0.4,5
158,65a9eef4-5d0e-11f0-9434-beb3bfa57af1,31,"[0, 0, 1, 1, 1]",3,1,-1,,0.4,5
159,65a9eef4-5d0e-11f0-9434-beb3bfa57af1,31,"[0, 0, 1, 1, 1]",4,1,-1,,0.4,5
160,65a9eef4-5d0e-11f0-9434-beb3bfa57af1,32,"[0, 0, 1, 0, 1]",0,0,0,,0.4,5
161,65a9eef4-5d0e-11f0-9434-beb3bfa57af1,32,"[0, 0, 1, 0, 1]",1,0,0,,0.4,5
162,65a9eef4-5d0e-11f0-9434-beb3bfa57af1,32,"[0, 0, 1, 0, 1]",2,1,1,,0.4,5
163,65a9eef4-5d0e-11f0-9434-beb3bfa57af1,32,"[0, 0, 1, 0, 1]",3,0,0,,0.4,5
164,65a9eef4-5d0e-11f0-9434-beb3bfa57af1,32,"[0, 0, 1, 0, 1]",4,1,1,,0.4,5
165,65a9eef4-5d0e-11f0-9434-beb3bfa57af1,33,"[1, 1, 1, 1, 0]",0,1,-1,,0.4,5
166,65a9eef4-5d0e-11f0-9434-beb3bfa57af1,33,"[1, 1, 1, 1, 0]",1,1,-1,,0.4,5
167,65a9eef4-5d0e-11f0-9434-beb3bfa57af1,33,"[1, 1, 1, 1, 0]",2,1,-1,,0.4,5
168,65a9eef4-5d0e-11f0-9434-beb3bfa57af1,33,"[1, 1, 1, 1, 0]",3,1,-1,,0.4,5
169,65a9eef4-5d0e-11f0-9434-beb3bfa57af1,33,"[1, 1, 1, 1, 0]",4,0,0,,0.4,5
170,65a9eef4-5d0e-11f0-9434-beb3bfa57af1,34,"[1, 1, 0, 0, 0]",0,1,1,,0.4,5
171,65a9eef4-5d0e-11f0-9434-beb3bfa57af1,34,"[1, 1, 0, 0, 0]",1,1,1,,0.4,5
172,65a9eef4-5d0e-11f0-9434-beb3bfa57af1,34,"[1, 1, 0, 0, 0]",2,0,0,,0.4,5
173,65a9eef4-5d0e-11f0-9434-beb3bfa57af1,34,"[1, 1, 0, 0, 0]",3,0,0,,0.4,5
174,65a9eef4-5d0e-11f0-9434-beb3bfa57af1,34,"[1, 1, 0, 0, 0]",4,0,0,,0.4,5
175,65a9eef4-5d0e-11f0-9434-beb3bfa57af1,35,"[0, 0, 0, 0, 0]",0,0,0,,0.4,5
176,65a9eef4-5d0e-11f0-9434-beb3bfa57af1,35,"[0, 0, 0, 0, 0]",1,0,0,,0.4,5
177,65a9eef4-5d0e-11f0-9434-beb3bfa57af1,35,"[0, 0, 0, 0, 0]",2,0,0,,0.4,5
178,65a9eef4-5d0e-11f0-9434-beb3bfa57af1,35,"[0, 0, 0, 0, 0]",3,0,0,,0.4,5
179,65a9eef4-5d0e-11f0-9434-beb3bfa57af1,35,"[0, 0, 0, 0, 0]",4,0,0,,0.4,5
180,65a9eef4-5d0e-11f0-9434-beb3bfa57af1,36,"[0, 1, 0, 0, 1]",0,0,0,,0.4,5
181,65a9eef4-5d0e-11f0-9434-beb3bfa57af1,36,"[0, 1, 0, 0, 1]",1,1,1,,0.4,5
182,65a9eef4-5d0e-11f0-9434-beb3bfa57af1,36,"[0, 1, 0, 0, 1]",2,0,0,,0.4,5
183,65a9eef4-5d0e-11f0-9434-beb3bfa57af1,36,"[0, 1, 0, 0, 1]",3,0,0,,0.4,5
184,65a9eef4-5d0e-11f0-9434-beb3bfa57af1,36,"[0, 1, 0, 0, 1]",4,1,1,,0.4,5
185,65a9eef4-5d0e-11f0-9434-beb3bfa57af1,37,"[0, 1, 1, 0, 0]",0,0,0,,0.4,5
186,65a9eef4-5d0e-11f0-9434-beb3bfa57af1,37,"[0, 1, 1, 0, 0]",1,1,1,,0.4,5
187,65a9eef4-5d0e-11f0-9434-beb3bfa57af1,37,"[0, 1, 1, 0, 0]",2,1,1,,0.4,5
188,65a9eef4-5d0e-11f0-9434-beb3bfa57af1,37,"[0, 1, 1, 0, 0]",3,0,0,,0.4,5
189,65a9eef4-5d0e-11f0-9434-beb3bfa57af1,37,"[0, 1, 1, 0, 0]",4,0,0,,0.4,5
190,65a9eef4-5d0e-11f0-9434-beb3bfa57af1,38,"[1, 1, 1, 1, 0]",0,1,-1,,0.4,5
191,65a9eef4-5d0e-11f0-9434-beb3bfa57af1,38,"[1, 1, 1, 1, 0]",1,1,-1,,0.4,5
192,65a9eef4-5d0e-11f0-9434-beb3bfa57af1,38,"[1, 1, 1, 1, 0]",2,1,-1,,0.4,5
193,65a9eef4-5d0e-11f0-9434-beb3bfa57af1,38,"[1, 1, 1, 1, 0]",3,1,-1,,0.4,5
194,65a9eef4-5d0e-11f0-9434-beb3bfa57af1,38,"[1, 1, 1, 1, 0]",4,0,0,,0.4,5
195,65a9eef4-5d0e-11f0-9434-beb3bfa57af1,39,"[0, 1, 1, 0, 1]",0,0,0,,0.4,5
196,65a9eef4-5d0e-11f0-9434-beb3bfa57af1,39,"[0, 1, 1, 0, 1]",1,1,-1,,0.4,5
197,65a9eef4-5d0e-11f0-9434-beb3bfa57af1,39,"[0, 1, 1, 0, 1]",2,1,-1,,0.4,5
198,65a9eef4-5d0e-11f0-9434-beb3bfa57af1,39,"[0, 1, 1, 0, 1]",3,0,0,,0.4,5
199,65a9eef4-5d0e-11f0-9434-beb3bfa57af1,39,"[0, 1, 1, 0, 1]",4,1,-1,,0.4,5
200,65a9eef4-5d0e-11f0-9434-beb3bfa57af1,40,"[0, 0, 1, 1, 1]",0,0,0,,0.4,5
201,65a9eef4-5d0e-11f0-9434-beb3bfa57af1,40,"[0, 0, 1, 1, 1]",1,0,0,,0.4,5
202,65a9eef4-5d0e-11f0-9434-beb3bfa57af1,40,"[0, 0, 1, 1, 1]",2,1,-1,,0.4,5
203,65a9eef4-5d0e-11f0-9434-beb3bfa57af1,40,"[0, 0, 1, 1, 1]",3,1,-1,,0.4,5
204,65a9eef4-5d0e-11f0-9434-beb3bfa57af1,40,"[0, 0, 1, 1, 1]",4,1,-1,,0.4,5
205,65a9eef4-5d0e-11f0-9434-beb3bfa57af1,41,"[1, 0, 1, 0, 1]",0,1,-1,,0.4,5
206,65a9eef4-5d0e-11f0-9434-beb3bfa57af1,41,"[1, 0, 1, 0, 1]",1,0,0,,0.4,5
207,65a9eef4-5d0e-11f0-9434-beb3bfa57af1,41,"[1, 0, 1, 0, 1]",2,1,-1,,0.4,5
208,65a9eef4-5d0e-11f0-9434-beb3bfa57af1,41,"[1, 0, 1, 0, 1]",3,0,0,,0.4,5
209,65a9eef4-5d0e-11f0-9434-beb3bfa57af1,41,"[1, 0, 1, 0, 1]",4,1,-1,,0.4,5
210,65a9eef4-5d0e-11f0-9434-beb3bfa57af1,42,"[0, 0, 0, 0, 0]",0,0,0,,0.4,5
211,65a9eef4-5d0e-11f0-9434-beb3bfa57af1,42,"[0, 0, 0, 0, 0]",1,0,0,,0.4,5
212,65a9eef4-5d0e-11f0-9434-beb3bfa57af1,42,"[0, 0, 0, 0, 0]",2,0,0,,0.4,5
213,65a9eef4-5d0e-11f0-9434-beb3bfa57af1,42,"[0, 0, 0, 0, 0]",3,0,0,,0.4,5
214,65a9eef4-5d0e-11f0-9434-beb3bfa57af1,42,"[0, 0, 0, 0, 0]",4,0,0,,0.4,5
215,65a9eef4-5d0e-11f0-9434-beb3bfa57af1,43,"[0, 0, 0, 0, 0]",0,0,0,,0.4,5
216,65a9eef4-5d0e-11f0-9434-beb3bfa57af1,43,"[0, 0, 0, 0, 0]",1,0,0,,0.4,5
217,65a9eef4-5d0e-11f0-9434-beb3bfa57af1,43,"[0, 0, 0, 0, 0]",2,0,0,,0.4,5
218,65a9eef4-5d0e-11f0-9434-beb3bfa57af1,43,"[0, 0, 0, 0, 0]",3,0,0,,0.4,5
219,65a9eef4-5d0e-11f0-9434-beb3bfa57af1,43,"[0, 0, 0, 0, 0]",4,0,0,,0.4,5
220,65a9eef4-5d0e-11f0-9434-beb3bfa57af1,44,"[0, 1, 0, 0, 0]",0,0,0,,0.4,5
221,65a9eef4-5d0e-11f0-9434-beb3bfa57af1,44,"[0, 1, 0, 0, 0]",1,1,1,,0.4,5
222,65a9eef4-5d0e-11f0-9434-beb3bfa57af1,44,"[0, 1, 0, 0, 0]",2,0,0,,0.4,5
223,65a9eef4-5d0e-11f0-9434-beb3bfa57af1,44,"[0, 1, 0, 0, 0]",3,0,0,,0.4,5
224,65a9eef4-5d0e-11f0-9434-beb3bfa57af1,44,"[0, 1, 0, 0, 0]",4,0,0,,0.4,5
225,65a9eef4-5d0e-11f0-9434-beb3bfa57af1,45,"[0, 0, 0, 0, 0]",0,0,0,,0.4,5
226,65a9eef4-5d0e-11f0-9434-beb3bfa57af1,45,"[0, 0, 0, 0, 0]",1,0,0,,0.4,5
227,65a9eef4-5d0e-11f0-9434-beb3bfa57af1,45,"[0, 0, 0, 0, 0]",2,0,0,,0.4,5
228,65a9eef4-5d0e-11f0-9434-beb3bfa57af1,45,"[0, 0, 0, 0, 0]",3,0,0,,0.4,5
229,65a9eef4-5d0e-11f0-9434-beb3bfa57af1,45,"[0, 0, 0, 0, 0]",4,0,0,,0.4,5
230,65a9eef4-5d0e-11f0-9434-beb3bfa57af1,46,"[0, 1, 0, 0, 1]",0,0,0,,0.4,5
231,65a9eef4-5d0e-11f0-9434-beb3bfa57af1,46,"[0, 1, 0, 0, 1]",1,1,1,,0.4,5
232,65a9eef4-5d0e-11f0-9434-beb3bfa57af1,46,"[0, 1, 0, 0, 1]",2,0,0,,0.4,5
233,65a9eef4-5d0e-11f0-9434-beb3bfa57af1,46,"[0, 1, 0, 0, 1]",3,0,0,,0.4,5
234,65a9eef4-5d0e-11f0-9434-beb3bfa57af1,46,"[0, 1, 0, 0, 1]",4,1,1,,0.4,5
235,65a9eef4-5d0e-11f0-9434-beb3bfa57af1,47,"[1, 0, 1, 0, 0]",0,1,1,,0.4,5
236,65a9eef4-5d0e-11f0-9434-beb3bfa57af1,47,"[1, 0, 1, 0, 0]",1,0,0,,0.4,5
237,65a9eef4-5d0e-11f0-9434-beb3bfa57af1,47,"[1, 0, 1, 0, 0]",2,1,1,,0.4,5
238,65a9eef4-5d0e-11f0-9434-beb3bfa57af1,47,"[1, 0, 1, 0, 0]",3,0,0,,0.4,5
239,65a9eef4-5d0e-11f0-9434-beb3bfa57af1,47,"[1, 0, 1, 0, 0]",4,0,0,,0.4,5
240,65a9eef4-5d0e-11f0-9434-beb3bfa57af1,48,"[1, 0, 1, 0, 0]",0,1,1,,0.4,5
241,65a9eef4-5d0e-11f0-9434-beb3bfa57af1,48,"[1, 0, 1, 0, 0]",1,0,0,,0.4,5
242,65a9eef4-5d0e-11f0-9434-beb3bfa57af1,48,"[1, 0, 1, 0, 0]",2,1,1,,0.4,5
243,65a9eef4-5d0e-11f0-9434-beb3bfa57af1,48,"[1, 0, 1, 0, 0]",3,0,0,,0.4,5
244,65a9eef4-5d0e-11f0-9434-beb3bfa57af1,48,"[1, 0, 1, 0, 0]",4,0,0,,0.4,5
245,65a9eef4-5d0e-11f0-9434-beb3bfa57af1,49,"[0, 0, 1, 0, 1]",0,0,0,,0.4,5
246,65a9eef4-5d0e-11f0-9434-beb3bfa57af1,49,"[0, 0, 1, 0, 1]",1,0,0,,0.4,5
247,65a9eef4-5d0e-11f0-9434-beb3bfa57af1,49,"[0, 0, 1, 0, 1]",2,1,1,,0.4,5
248,65a9eef4-5d0e-11f0-9434-beb3bfa57af1,49,"[0, 0, 1, 0, 1]",3,0,0,,0.4,5
249,65a9eef4-5d0e-11f0-9434-beb3bfa57af1,49,"[0, 0, 1, 0, 1]",4,1,1,,0.4,5
250,65ac8510-5d0e-11f0-9434-beb3bfa57af1,0,"[0, 0, 0, 1, 0]",0,0,0,,0.4,5
251,65ac8510-5d0e-11f0-9434-beb3bfa57af1,0,"[0, 0, 0, 1, 0]",1,0,0,,0.4,5
252,65ac8510-5d0e-11f0-9434-beb3bfa57af1,0,"[0, 0, 0, 1, 0]",2,0,0,,0.4,5
253,65ac8510-5d0e-11f0-9434-beb3bfa57af1,0,"[0, 0, 0, 1, 0]",3,1,1,,0.4,5
254,65ac8510-5d0e-11f0-9434-beb3bfa57af1,0,"[0, 0, 0, 1, 0]",4,0,0,,0.4,5
255,65ac8510-5d0e-11f0-9434-beb3bfa57af1,1,"[1, 1, 1, 1, 1]",0,1,-1,,0.4,5
256,65ac8510-5d0e-11f0-9434-beb3bfa57af1,1,"[1, 1, 1, 1, 1]",1,1,-1,,0.4,5
257,65ac8510-5d0e-11f0-9434-beb3bfa57af1,1,"[1, 1, 1, 1, 1]",2,1,-1,,0.4,5
258,65ac8510-5d0e-11f0-9434-beb3bfa57af1,1,"[1, 1, 1, 1, 1]",3,1,-1,,0.4,5
259,65ac8510-5d0e-11f0-9434-beb3bfa57af1,1,"[1, 1, 1, 1, 1]",4,1,-1,,0.4,5
260,65ac8510-5d0e-11f0-9434-beb3bfa57af1,2,"[0, 0, 1, 0, 0]",0,0,0,,0.4,5
261,65ac8510-5d0e-11f0-9434-beb3bfa57af1,2,"[0, 0, 1, 0, 0]",1,0,0,,0.4,5
262,65ac8510-5d0e-11f0-9434-beb3bfa57af1,2,"[0, 0, 1, 0, 0]",2,1,1,,0.4,5
263,65ac8510-5d0e-11f0-9434-beb3bfa57af1,2,"[0, 0, 1, 0, 0]",3,0,0,,0.4,5
264,65ac8510-5d0e-11f0-9434-beb3bfa57af1,2,"[0, 0, 1, 0, 0]",4,0,0,,0.4,5
265,65ac8510-5d0e-11f0-9434-beb3bfa57af1,3,"[1, 0, 1, 1, 1]",0,1,-1,,0.4,5
266,65ac8510-5d0e-11f0-9434-beb3bfa57af1,3,"[1, 0, 1, 1, 1]",1,0,0,,0.4,5
267,65ac8510-5d0e-11f0-9434-beb3bfa57af1,3,"[1, 0, 1, 1, 1]",2,1,-1,,0.4,5
268,65ac8510-5d0e-11f0-9434-beb3bfa57af1,3,"[1, 0, 1, 1, 1]",3,1,-1,,0.4,5
269,65ac8510-5d0e-11f0-9434-beb3bfa57af1,3,"[1, 0, 1, 1, 1]",4,1,-1,,0.4,5
270,65ac8510-5d0e-11f0-9434-beb3bfa57af1,4,"[1, 1, 1, 1, 1]",0,1,-1,,0.4,5
271,65ac8510-5d0e-11f0-9434-beb3bfa57af1,4,"[1, 1, 1, 1, 1]",1,1,-1,,0.4,5
272,65ac8510-5d0e-11f0-9434-beb3bfa57af1,4,"[1, 1, 1, 1, 1]",2,1,-1,,0.4,5
273,65ac8510-5d0e-11f0-9434-beb3bfa57af1,4,"[1, 1, 1, 1, 1]",3,1,-1,,0.4,5
274,65ac8510-5d0e-11f0-9434-beb3bfa57af1,4,"[1, 1, 1, 1, 1]",4,1,-1,,0.4,5
275,65ac8510-5d0e-11f0-9434-beb3bfa57af1,5,"[0, 1, 0, 1, 0]",0,0,0,,0.4,5
276,65ac8510-5d0e-11f0-9434-beb3bfa57af1,5,"[0, 1, 0, 1, 0]",1,1,1,,0.4,5
277,65ac8510-5d0e-11f0-9434-beb3bfa57af1,5,"[0, 1, 0, 1, 0]",2,0,0,,0.4,5
278,65ac8510-5d0e-11f0-9434-beb3bfa57af1,5,"[0, 1, 0, 1, 0]",3,1,1,,0.4,5
279,65ac8510-5d0e-11f0-9434-beb3bfa57af1,5,"[0, 1, 0, 1, 0]",4,0,0,,0.4,5
280,65ac8510-5d0e-11f0-9434-beb3bfa57af1,6,"[1, 0, 0, 1, 1]",0,1,-1,,0.4,5
281,65ac8510-5d0e-11f0-9434-beb3bfa57af1,6,"[1, 0, 0, 1, 1]",1,0,0,,0.4,5
282,65ac8510-5d0e-11f0-9434-beb3bfa57af1,6,"[1, 0, 0, 1, 1]",2,0,0,,0.4,5
283,65ac8510-5d0e-11f0-9434-beb3bfa57af1,6,"[1, 0, 0, 1, 1]",3,1,-1,,0.4,5
284,65ac8510-5d0e-11f0-9434-beb3bfa57af1,6,"[1, 0, 0, 1, 1]",4,1,-1,,0.4,5
285,65ac8510-5d0e-11f0-9434-beb3bfa57af1,7,"[1, 1, 0, 0, 0]",0,1,1,,0.4,5
286,65ac8510-5d0e-11f0-9434-beb3bfa57af1,7,"[1, 1, 0, 0, 0]",1,1,1,,0.4,5
287,65ac8510-5d0e-11f0-9434-beb3bfa57af1,7,"[1, 1, 0, 0, 0]",2,0,0,,0.4,5
288,65ac8510-5d0e-11f0-9434-beb3bfa57af1,7,"[1, 1, 0, 0, 0]",3,0,0,,0.4,5
289,65ac8510-5d0e-11f0-9434-beb3bfa57af1,7,"[1, 1, 0, 0, 0]",4,0,0,,0.4,5
290,65ac8510-5d0e-11f0-9434-beb3bfa57af1,8,"[0, 1, 1, 1, 1]",0,0,0,,0.4,5
291,65ac8510-5d0e-11f0-9434-beb3bfa57af1,8,"[0, 1, 1, 1, 1]",1,1,-1,,0.4,5
292,65ac8510-5d0e-11f0-9434-beb3bfa57af1,8,"[0, 1, 1, 1, 1]",2,1,-1,,0.4,5
293,65ac8510-5d0e-11f0-9434-beb3bfa57af1,8,"[0, 1, 1, 1, 1]",3,1,-1,,0.4,5
294,65ac8510-5d0e-11f0-9434-beb3bfa57af1,8,"[0, 1, 1, 1, 1]",4,1,-1,,0.4,5
295,65ac8510-5d0e-11f0-9434-beb3bfa57af1,9,"[0, 1, 0, 0, 0]",0,0,0,,0.4,5
296,65ac8510-5d0e-11f0-9434-beb3bfa57af1,9,"[0, 1, 0, 0, 0]",1,1,1,,0.4,5
297,65ac8510-5d0e-11f0-9434-beb3bfa57af1,9,"[0, 1, 0, 0, 0]",2,0,0,,0.4,5
298,65ac8510-5d0e-11f0-9434-beb3bfa57af1,9,"[0, 1, 0, 0, 0]",3,0,0,,0.4,5
299,65ac8510-5d0e-11f0-9434-beb3bfa57af1,9,"[0, 1, 0, 0, 0]",4,0,0,,0.4,5
300,65ac8510-5d0e-11f0-9434-beb3bfa57af1,10,"[1, 0, 1, 0, 1]",0,1,-1,,0.4,5
301,65ac8510-5d0e-11f0-9434-beb3bfa57af1,10,"[1, 0, 1, 0, 1]",1,0,0,,0.4,5
302,65ac8510-5d0e-11f0-9434-beb3bfa57af1,10,"[1, 0, 1, 0, 1]",2,1,-1,,0.4,5
303,65ac8510-5d0e-11f0-9434-beb3bfa57af1,10,"[1, 0, 1, 0, 1]",3,0,0,,0.4,5
304,65ac8510-5d0e-11f0-9434-beb3bfa57af1,10,"[1, 0, 1, 0, 1]",4,1,-1,,0.4,5
305,65ac8510-5d0e-11f0-9434-beb3bfa57af1,11,"[1, 0, 1, 1, 0]",0,1,-1,,0.4,5
306,65ac8510-5d0e-11f0-9434-beb3bfa57af1,11,"[1, 0, 1, 1, 0]",1,0,0,,0.4,5
307,65ac8510-5d0e-11f0-9434-beb3bfa57af1,11,"[1, 0, 1, 1, 0]",2,1,-1,,0.4,5
308,65ac8510-5d0e-11f0-9434-beb3bfa57af1,11,"[1, 0, 1, 1, 0]",3,1,-1,,0.4,5
309,65ac8510-5d0e-11f0-9434-beb3bfa57af1,11,"[1, 0, 1, 1, 0]",4,0,0,,0.4,5
310,65ac8510-5d0e-11f0-9434-beb3bfa57af1,12,"[0, 1, 1, 0, 1]",0,0,0,,0.4,5
311,65ac8510-5d0e-11f0-9434-beb3bfa57af1,12,"[0, 1, 1, 0, 1]",1,1,-1,,0.4,5
312,65ac8510-5d0e-11f0-9434-beb3bfa57af1,12,"[0, 1, 1, 0, 1]",2,1,-1,,0.4,5
313,65ac8510-5d0e-11f0-9434-beb3bfa57af1,12,"[0, 1, 1, 0, 1]",3,0,0,,0.4,5
314,65ac8510-5d0e-11f0-9434-beb3bfa57af1,12,"[0, 1, 1, 0, 1]",4,1,-1,,0.4,5
315,65ac8510-5d0e-11f0-9434-beb3bfa57af1,13,"[1, 1, 0, 0, 0]",0,1,1,,0.4,5
316,65ac8510-5d0e-11f0-9434-beb3bfa57af1,13,"[1, 1, 0, 0, 0]",1,1,1,,0.4,5
317,65ac8510-5d0e-11f0-9434-beb3bfa57af1,13,"[1, 1, 0, 0, 0]",2,0,0,,0.4,5
318,65ac8510-5d0e-11f0-9434-beb3bfa57af1,13,"[1, 1, 0, 0, 0]",3,0,0,,0.4,5
319,65ac8510-5d0e-11f0-9434-beb3bfa57af1,13,"[1, 1, 0, 0, 0]",4,0,0,,0.4,5
320,65ac8510-5d0e-11f0-9434-beb3bfa57af1,14,"[1, 0, 0, 0, 1]",0,1,1,,0.4,5
321,65ac8510-5d0e-11f0-9434-beb3bfa57af1,14,"[1, 0, 0, 0, 1]",1,0,0,,0.4,5
322,65ac8510-5d0e-11f0-9434-beb3bfa57af1,14,"[1, 0, 0, 0, 1]",2,0,0,,0.4,5
323,65ac8510-5d0e-11f0-9434-beb3bfa57af1,14,"[1, 0, 0, 0, 1]",3,0,0,,0.4,5
324,65ac8510-5d0e-11f0-9434-beb3bfa57af1,14,"[1, 0, 0, 0, 1]",4,1,1,,0.4,5
325,65ac8510-5d0e-11f0-9434-beb3bfa57af1,15,"[1, 1, 1, 0, 0]",0,1,-1,,0.4,5
326,65ac8510-5d0e-11f0-9434-beb3bfa57af1,15,"[1, 1, 1, 0, 0]",1,1,-1,,0.4,5
327,65ac8510-5d0e-11f0-9434-beb3bfa57af1,15,"[1, 1, 1, 0, 0]",2,1,-1,,0.4,5
328,65ac8510-5d0e-11f0-9434-beb3bfa57af1,15,"[1, 1, 1, 0, 0]",3,0,0,,0.4,5
329,65ac8510-5d0e-11f0-9434-beb3bfa57af1,15,"[1, 1, 1, 0, 0]",4,0,0,,0.4,5
330,65ac8510-5d0e-11f0-9434-beb3bfa57af1,16,"[0, 1, 0, 0, 1]",0,0,0,,0.4,5
331,65ac8510-5d0e-11f0-9434-beb3bfa57af1,16,"[0, 1, 0, 0, 1]",1,1,1,,0.4,5
332,65ac8510-5d0e-11f0-9434-beb3bfa57af1,16,"[0, 1, 0, 0, 1]",2,0,0,,0.4,5
333,65ac8510-5d0e-11f0-9434-beb3bfa57af1,16,"[0, 1, 0, 0, 1]",3,0,0,,0.4,5
334,65ac8510-5d0e-11f0-9434-beb3bfa57af1,16,"[0, 1, 0, 0, 1]",4,1,1,,0.4,5
335,65ac8510-5d0e-11f0-9434-beb3bfa57af1,17,"[1, 1, 1, 0, 0]",0,1,-1,,0.4,5
336,65ac8510-5d0e-11f0-9434-beb3bfa57af1,17,"[1, 1, 1, 0, 0]",1,1,-1,,0.4,5
337,65ac8510-5d0e-11f0-9434-beb3bfa57af1,17,"[1, 1, 1, 0, 0]",2,1,-1,,0.4,5
338,65ac8510-5d0e-11f0-9434-beb3bfa57af1,17,"[1, 1, 1, 0, 0]",3,0,0,,0.4,5
339,65ac8510-5d0e-11f0-9434-beb3bfa57af1,17,"[1, 1, 1, 0, 0]",4,0,0,,0.4,5
340,65ac8510-5d0e-11f0-9434-beb3bfa57af1,18,"[0, 1, 0, 0, 0]",0,0,0,,0.4,5
341,65ac8510-5d0e-11f0-9434-beb3bfa57af1,18,"[0, 1, 0, 0, 0]",1,1,1,,0.4,5
342,65ac8510-5d0e-11f0-9434-beb3bfa57af1,18,"[0, 1, 0, 0, 0]",2,0,0,,0.4,5
343,65ac8510-5d0e-11f0-9434-beb3bfa57af1,18,"[0, 1, 0, 0, 0]",3,0,0,,0.4,5
344,65ac8510-5d0e-11f0-9434-beb3bfa57af1,18,"[0, 1, 0, 0, 0]",4,0,0,,0.4,5
345,65ac8510-5d0e-11f0-9434-beb3bfa57af1,19,"[0, 1, 0, 0, 1]",0,0,0,,0.4,5
346,65ac8510-5d0e-11f0-9434-beb3bfa57af1,19,"[0, 1, 0, 0, 1]",1,1,1,,0.4,5
347,65ac8510-5d0e-11f0-9434-beb3bfa57af1,19,"[0, 1, 0, 0, 1]",2,0,0,,0.4,5
348,65ac8510-5d0e-11f0-9434-beb3bfa57af1,19,"[0, 1, 0, 0, 1]",3,0,0,,0.4,5
349,65ac8510-5d0e-11f0-9434-beb3bfa57af1,19,"[0, 1, 0, 0, 1]",4,1,1,,0.4,5
350,65ac8510-5d0e-11f0-9434-beb3bfa57af1,20,"[1, 0, 0, 0, 1]",0,1,1,,0.4,5
351,65ac8510-5d0e-11f0-9434-beb3bfa57af1,20,"[1, 0, 0, 0, 1]",1,0,0,,0.4,5
352,65ac8510-5d0e-11f0-9434-beb3bfa57af1,20,"[1, 0, 0, 0, 1]",2,0,0,,0.4,5
353,65ac8510-5d0e-11f0-9434-beb3bfa57af1,20,"[1, 0, 0, 0, 1]",3,0,0,,0.4,5
354,65ac8510-5d0e-11f0-9434-beb3bfa57af1,20,"[1, 0, 0, 0, 1]",4,1,1,,0.4,5
355,65ac8510-5d0e-11f0-9434-beb3bfa57af1,21,"[1, 1, 0, 1, 1]",0,1,-1,,0.4,5
356,65ac8510-5d0e-11f0-9434-beb3bfa57af1,21,"[1, 1, 0, 1, 1]",1,1,-1,,0.4,5
357,65ac8510-5d0e-11f0-9434-beb3bfa57af1,21,"[1, 1, 0, 1, 1]",2,0,0,,0.4,5
358,65ac8510-5d0e-11f0-9434-beb3bfa57af1,21,"[1, 1, 0, 1, 1]",3,1,-1,,0.4,5
359,65ac8510-5d0e-11f0-9434-beb3bfa57af1,21,"[1, 1, 0, 1, 1]",4,1,-1,,0.4,5
360,65ac8510-5d0e-11f0-9434-beb3bfa57af1,22,"[0, 0, 0, 0, 0]",0,0,0,,0.4,5
361,65ac8510-5d0e-11f0-9434-beb3bfa57af1,22,"[0, 0, 0, 0, 0]",1,0,0,,0.4,5
362,65ac8510-5d0e-11f0-9434-beb3bfa57af1,22,"[0, 0, 0, 0, 0]",2,0,0,,0.4,5
363,65ac8510-5d0e-11f0-9434-beb3bfa57af1,22,"[0, 0, 0, 0, 0]",3,0,0,,0.4,5
364,65ac8510-5d0e-11f0-9434-beb3bfa57af1,22,"[0, 0, 0, 0, 0]",4,0,0,,0.4,5
365,65ac8510-5d0e-11f0-9434-beb3bfa57af1,23,"[0, 0, 1, 1, 0]",0,0,0,,0.4,5
366,65ac8510-5d0e-11f0-9434-beb3bfa57af1,23,"[0, 0, 1, 1, 0]",1,0,0,,0.4,5
367,65ac8510-5d0e-11f0-9434-beb3bfa57af1,23,"[0, 0, 1, 1, 0]",2,1,1,,0.4,5
368,65ac8510-5d0e-11f0-9434-beb3bfa57af1,23,"[0, 0, 1, 1, 0]",3,1,1,,0.4,5
369,65ac8510-5d0e-11f0-9434-beb3bfa57af1,23,"[0, 0, 1, 1, 0]",4,0,0,,0.4,5
370,65ac8510-5d0e-11f0-9434-beb3bfa57af1,24,"[1, 0, 1, 1, 1]",0,1,-1,,0.4,5
371,65ac8510-5d0e-11f0-9434-beb3bfa57af1,24,"[1, 0, 1, 1, 1]",1,0,0,,0.4,5
372,65ac8510-5d0e-11f0-9434-beb3bfa57af1,24,"[1, 0, 1, 1, 1]",2,1,-1,,0.4,5
373,65ac8510-5d0e-11f0-9434-beb3bfa57af1,24,"[1, 0, 1, 1, 1]",3,1,-1,,0.4,5
374,65ac8510-5d0e-11f0-9434-beb3bfa57af1,24,"[1, 0, 1, 1, 1]",4,1,-1,,0.4,5
375,65ac8510-5d0e-11f0-9434-beb3bfa57af1,25,"[0, 0, 0, 0, 1]",0,0,0,,0.4,5
376,65ac8510-5d0e-11f0-9434-beb3bfa57af1,25,"[0, 0, 0, 0, 1]",1,0,0,,0.4,5
377,65ac8510-5d0e-11f0-9434-beb3bfa57af1,25,"[0, 0, 0, 0, 1]",2,0,0,,0.4,5
378,65ac8510-5d0e-11f0-9434-beb3bfa57af1,25,"[0, 0, 0, 0, 1]",3,0,0,,0.4,5
379,65ac8510-5d0e-11f0-9434-beb3bfa57af1,25,"[0, 0, 0, 0, 1]",4,1,1,,0.4,5
380,65ac8510-5d0e-11f0-9434-beb3bfa57af1,26,"[0, 1, 1, 1, 1]",0,0,0,,0.4,5
381,65ac8510-5d0e-11f0-9434-beb3bfa57af1,26,"[0, 1, 1, 1, 1]",1,1,-1,,0.4,5
382,65ac8510-5d0e-11f0-9434-beb3bfa57af1,26,"[0, 1, 1, 1, 1]",2,1,-1,,0.4,5
383,65ac8510-5d0e-11f0-9434-beb3bfa57af1,26,"[0, 1, 1, 1, 1]",3,1,-1,,0.4,5
384,65ac8510-5d0e-11f0-9434-beb3bfa57af1,26,"[0, 1, 1, 1, 1]",4,1,-1,,0.4,5
385,65ac8510-5d0e-11f0-9434-beb3bfa57af1,27,"[1, 1, 0, 0, 1]",0,1,-1,,0.4,5
386,65ac8510-5d0e-11f0-9434-beb3bfa57af1,27,"[1, 1, 0, 0, 1]",1,1,-1,,0.4,5
387,65ac8510-5d0e-11f0-9434-beb3bfa57af1,27,"[1, 1, 0, 0, 1]",2,0,0,,0.4,5
388,65ac8510-5d0e-11f0-9434-beb3bfa57af1,27,"[1, 1, 0, 0, 1]",3,0,0,,0.4,5
389,65ac8510-5d0e-11f0-9434-beb3bfa57af1,27,"[1, 1, 0, 0, 1]",4,1,-1,,0.4,5
390,65ac8510-5d0e-11f0-9434-beb3bfa57af1,28,"[0, 1, 0, 1, 1]",0,0,0,,0.4,5
391,65ac8510-5d0e-11f0-9434-beb3bfa57af1,28,"[0, 1, 0, 1, 1]",1,1,-1,,0.4,5
392,65ac8510-5d0e-11f0-9434-beb3bfa57af1,28,"[0, 1, 0, 1, 1]",2,0,0,,0.4,5
393,65ac8510-5d0e-11f0-9434-beb3bfa57af1,28,"[0, 1, 0, 1, 1]",3,1,-1,,0.4,5
394,65ac8510-5d0e-11f0-9434-beb3bfa57af1,28,"[0, 1, 0, 1, 1]",4,1,-1,,0.4,5
395,65ac8510-5d0e-11f0-9434-beb3bfa57af1,29,"[1, 1, 0, 0, 1]",0,1,-1,,0.4,5
396,65ac8510-5d0e-11f0-9434-beb3bfa57af1,29,"[1, 1, 0, 0, 1]",1,1,-1,,0.4,5
397,65ac8510-5d0e-11f0-9434-beb3bfa57af1,29,"[1, 1, 0, 0, 1]",2,0,0,,0.4,5
398,65ac8510-5d0e-11f0-9434-beb3bfa57af1,29,"[1, 1, 0, 0, 1]",3,0,0,,0.4,5
399,65ac8510-5d0e-11f0-9434-beb3bfa57af1,29,"[1, 1, 0, 0, 1]",4,1,-1,,0.4,5
400,65ac8510-5d0e-11f0-9434-beb3bfa57af1,30,"[1, 1, 0, 0, 0]",0,1,1,,0.4,5
401,65ac8510-5d0e-11f0-9434-beb3bfa57af1,30,"[1, 1, 0, 0, 0]",1,1,1,,0.4,5
402,65ac8510-5d0e-11f0-9434-beb3bfa57af1,30,"[1, 1, 0, 0, 0]",2,0,0,,0.4,5
403,65ac8510-5d0e-11f0-9434-beb3bfa57af1,30,"[1, 1, 0, 0, 0]",3,0,0,,0.4,5
404,65ac8510-5d0e-11f0-9434-beb3bfa57af1,30,"[1, 1, 0, 0, 0]",4,0,0,,0.4,5
405,65ac8510-5d0e-11f0-9434-beb3bfa57af1,31,"[0, 0, 0, 1, 0]",0,0,0,,0.4,5
406,65ac8510-5d0e-11f0-9434-beb3bfa57af1,31,"[0, 0, 0, 1, 0]",1,0,0,,0.4,5
407,65ac8510-5d0e-11f0-9434-beb3bfa57af1,31,"[0, 0, 0, 1, 0]",2,0,0,,0.4,5
408,65ac8510-5d0e-11f0-9434-beb3bfa57af1,31,"[0, 0, 0, 1, 0]",3,1,1,,0.4,5
409,65ac8510-5d0e-11f0-9434-beb3bfa57af1,31,"[0, 0, 0, 1, 0]",4,0,0,,0.4,5
410,65ac8510-5d0e-11f0-9434-beb3bfa57af1,32,"[0, 0, 0, 0, 1]",0,0,0,,0.4,5
411,65ac8510-5d0e-11f0-9434-beb3bfa57af1,32,"[0, 0, 0, 0, 1]",1,0,0,,0.4,5
412,65ac8510-5d0e-11f0-9434-beb3bfa57af1,32,"[0, 0, 0, 0, 1]",2,0,0,,0.4,5
413,65ac8510-5d0e-11f0-9434-beb3bfa57af1,32,"[0, 0, 0, 0, 1]",3,0,0,,0.4,5
414,65ac8510-5d0e-11f0-9434-beb3bfa57af1,32,"[0, 0, 0, 0, 1]",4,1,1,,0.4,5
415,65ac8510-5d0e-11f0-9434-beb3bfa57af1,33,"[0, 1, 1, 0, 0]",0,0,0,,0.4,5
416,65ac8510-5d0e-11f0-9434-beb3bfa57af1,33,"[0, 1, 1, 0, 0]",1,1,1,,0.4,5
417,65ac8510-5d0e-11f0-9434-beb3bfa57af1,33,"[0, 1, 1, 0, 0]",2,1,1,,0.4,5
418,65ac8510-5d0e-11f0-9434-beb3bfa57af1,33,"[0, 1, 1, 0, 0]",3,0,0,,0.4,5
419,65ac8510-5d0e-11f0-9434-beb3bfa57af1,33,"[0, 1, 1, 0, 0]",4,0,0,,0.4,5
420,65ac8510-5d0e-11f0-9434-beb3bfa57af1,34,"[1, 0, 0, 1, 1]",0,1,-1,,0.4,5
421,65ac8510-5d0e-11f0-9434-beb3bfa57af1,34,"[1, 0, 0, 1, 1]",1,0,0,,0.4,5
422,65ac8510-5d0e-11f0-9434-beb3bfa57af1,34,"[1, 0, 0, 1, 1]",2,0,0,,0.4,5
423,65ac8510-5d0e-11f0-9434-beb3bfa57af1,34,"[1, 0, 0, 1, 1]",3,1,-1,,0.4,5
424,65ac8510-5d0e-11f0-9434-beb3bfa57af1,34,"[1, 0, 0, 1, 1]",4,1,-1,,0.4,5
425,65ac8510-5d0e-11f0-9434-beb3bfa57af1,35,"[1, 1, 1, 0, 0]",0,1,-1,,0.4,5
426,65ac8510-5d0e-11f0-9434-beb3bfa57af1,35,"[1, 1, 1, 0, 0]",1,1,-1,,0.4,5
427,65ac8510-5d0e-11f0-9434-beb3bfa57af1,35,"[1, 1, 1, 0, 0]",2,1,-1,,0.4,5
428,65ac8510-5d0e-11f0-9434-beb3bfa57af1,35,"[1, 1, 1, 0, 0]",3,0,0,,0.4,5
429,65ac8510-5d0e-11f0-9434-beb3bfa57af1,35,"[1, 1, 1, 0, 0]",4,0,0,,0.4,5
430,65ac8510-5d0e-11f0-9434-beb3bfa57af1,36,"[0, 1, 1, 1, 0]",0,0,0,,0.4,5
431,65ac8510-5d0e-11f0-9434-beb3bfa57af1,36,"[0, 1, 1, 1, 0]",1,1,-1,,0.4,5
432,65ac8510-5d0e-11f0-9434-beb3bfa57af1,36,"[0, 1, 1, 1, 0]",2,1,-1,,0.4,5
433,65ac8510-5d0e-11f0-9434-beb3bfa57af1,36,"[0, 1, 1, 1, 0]",3,1,-1,,0.4,5
434,65ac8510-5d0e-11f0-9434-beb3bfa57af1,36,"[0, 1, 1, 1, 0]",4,0,0,,0.4,5
435,65ac8510-5d0e-11f0-9434-beb3bfa57af1,37,"[0, 1, 1, 0, 1]",0,0,0,,0.4,5
436,65ac8510-5d0e-11f0-9434-beb3bfa57af1,37,"[0, 1, 1, 0, 1]",1,1,-1,,0.4,5
437,65ac8510-5d0e-11f0-9434-beb3bfa57af1,37,"[0, 1, 1, 0, 1]",2,1,-1,,0.4,5
438,65ac8510-5d0e-11f0-9434-beb3bfa57af1,37,"[0, 1, 1, 0, 1]",3,0,0,,0.4,5
439,65ac8510-5d0e-11f0-9434-beb3bfa57af1,37,"[0, 1, 1, 0, 1]",4,1,-1,,0.4,5
440,65ac8510-5d0e-11f0-9434-beb3bfa57af1,38,"[1, 1, 0, 0, 0]",0,1,1,,0.4,5
441,65ac8510-5d0e-11f0-9434-beb3bfa57af1,38,"[1, 1, 0, 0, 0]",1,1,1,,0.4,5
442,65ac8510-5d0e-11f0-9434-beb3bfa57af1,38,"[1, 1, 0, 0, 0]",2,0,0,,0.4,5
443,65ac8510-5d0e-11f0-9434-beb3bfa57af1,38,"[1, 1, 0, 0, 0]",3,0,0,,0.4,5
444,65ac8510-5d0e-11f0-9434-beb3bfa57af1,38,"[1, 1, 0, 0, 0]",4,0,0,,0.4,5
445,65ac8510-5d0e-11f0-9434-beb3bfa57af1,39,"[1, 0, 0, 0, 0]",0,1,1,,0.4,5
446,65ac8510-5d0e-11f0-9434-beb3bfa57af1,39,"[1, 0, 0, 0, 0]",1,0,0,,0.4,5
447,65ac8510-5d0e-11f0-9434-beb3bfa57af1,39,"[1, 0, 0, 0, 0]",2,0,0,,0.4,5
448,65ac8510-5d0e-11f0-9434-beb3bfa57af1,39,"[1, 0, 0, 0, 0]",3,0,0,,0.4,5
449,65ac8510-5d0e-11f0-9434-beb3bfa57af1,39,"[1, 0, 0, 0, 0]",4,0,0,,0.4,5
450,65ac8510-5d0e-11f0-9434-beb3bfa57af1,40,"[1, 1, 1, 0, 1]",0,1,-1,,0.4,5
451,65ac8510-5d0e-11f0-9434-beb3bfa57af1,40,"[1, 1, 1, 0, 1]",1,1,-1,,0.4,5
452,65ac8510-5d0e-11f0-9434-beb3bfa57af1,40,"[1, 1, 1, 0, 1]",2,1,-1,,0.4,5
453,65ac8510-5d0e-11f0-9434-beb3bfa57af1,40,"[1, 1, 1, 0, 1]",3,0,0,,0.4,5
454,65ac8510-5d0e-11f0-9434-beb3bfa57af1,40,"[1, 1, 1, 0, 1]",4,1,-1,,0.4,5
455,65ac8510-5d0e-11f0-9434-beb3bfa57af1,41,"[1, 1, 0, 0, 0]",0,1,1,,0.4,5
456,65ac8510-5d0e-11f0-9434-beb3bfa57af1,41,"[1, 1, 0, 0, 0]",1,1,1,,0.4,5
457,65ac8510-5d0e-11f0-9434-beb3bfa57af1,41,"[1, 1, 0, 0, 0]",2,0,0,,0.4,5
458,65ac8510-5d0e-11f0-9434-beb3bfa57af1,41,"[1, 1, 0, 0, 0]",3,0,0,,0.4,5
459,65ac8510-5d0e-11f0-9434-beb3bfa57af1,41,"[1, 1, 0, 0, 0]",4,0,0,,0.4,5
460,65ac8510-5d0e-11f0-9434-beb3bfa57af1,42,"[0, 0, 0, 0, 0]",0,0,0,,0.4,5
461,65ac8510-5d0e-11f0-9434-beb3bfa57af1,42,"[0, 0, 0, 0, 0]",1,0,0,,0.4,5
462,65ac8510-5d0e-11f0-9434-beb3bfa57af1,42,"[0, 0, 0, 0, 0]",2,0,0,,0.4,5
463,65ac8510-5d0e-11f0-9434-beb3bfa57af1,42,"[0, 0, 0, 0, 0]",3,0,0,,0.4,5
464,65ac8510-5d0e-11f0-9434-beb3bfa57af1,42,"[0, 0, 0, 0, 0]",4,0,0,,0.4,5
465,65ac8510-5d0e-11f0-9434-beb3bfa57af1,43,"[1, 1, 1, 1, 1]",0,1,-1,,0.4,5
466,65ac8510-5d0e-11f0-9434-beb3bfa57af1,43,"[1, 1, 1, 1, 1]",1,1,-1,,0.4,5
467,65ac8510-5d0e-11f0-9434-beb3bfa57af1,43,"[1, 1, 1, 1, 1]",2,1,-1,,0.4,5
468,65ac8510-5d0e-11f0-9434-beb3bfa57af1,43,"[1, 1, 1, 1, 1]",3,1,-1,,0.4,5
469,65ac8510-5d0e-11f0-9434-beb3bfa57af1,43,"[1, 1, 1, 1, 1]",4,1,-1,,0.4,5
470,65ac8510-5d0e-11f0-9434-beb3bfa57af1,44,"[1, 1, 0, 1, 0]",0,1,-1,,0.4,5
471,65ac8510-5d0e-11f0-9434-beb3bfa57af1,44,"[1, 1, 0, 1, 0]",1,1,-1,,0.4,5
472,65ac8510-5d0e-11f0-9434-beb3bfa57af1,44,"[1, 1, 0, 1, 0]",2,0,0,,0.4,5
473,65ac8510-5d0e-11f0-9434-beb3bfa57af1,44,"[1, 1, 0, 1, 0]",3,1,-1,,0.4,5
474,65ac8510-5d0e-11f0-9434-beb3bfa57af1,44,"[1, 1, 0, 1, 0]",4,0,0,,0.4,5
475,65ac8510-5d0e-11f0-9434-beb3bfa57af1,45,"[0, 1, 1, 0, 1]",0,0,0,,0.4,5
476,65ac8510-5d0e-11f0-9434-beb3bfa57af1,45,"[0, 1, 1, 0, 1]",1,1,-1,,0.4,5
477,65ac8510-5d0e-11f0-9434-beb3bfa57af1,45,"[0, 1, 1, 0, 1]",2,1,-1,,0.4,5
478,65ac8510-5d0e-11f0-9434-beb3bfa57af1,45,"[0, 1, 1, 0, 1]",3,0,0,,0.4,5
479,65ac8510-5d0e-11f0-9434-beb3bfa57af1,45,"[0, 1, 1, 0, 1]",4,1,-1,,0.4,5
480,65ac8510-5d0e-11f0-9434-beb3bfa57af1,46,"[1, 1, 0, 0, 0]",0,1,1,,0.4,5
481,65ac8510-5d0e-11f0-9434-beb3bfa57af1,46,"[1, 1, 0, 0, 0]",1,1,1,,0.4,5
482,65ac8510-5d0e-11f0-9434-beb3bfa57af1,46,"[1, 1, 0, 0, 0]",2,0,0,,0.4,5
483,65ac8510-5d0e-11f0-9434-beb3bfa57af1,46,"[1, 1, 0, 0, 0]",3,0,0,,0.4,5
484,65ac8510-5d0e-11f0-9434-beb3bfa57af1,46,"[1, 1, 0, 0, 0]",4,0,0,,0.4,5
485,65ac8510-5d0e-11f0-9434-beb3bfa57af1,47,"[0, 0, 0, 0, 0]",0,0,0,,0.4,5
486,65ac8510-5d0e-11f0-9434-beb3bfa57af1,47,"[0, 0, 0, 0, 0]",1,0,0,,0.4,5
487,65ac8510-5d0e-11f0-9434-beb3bfa57af1,47,"[0, 0, 0, 0, 0]",2,0,0,,0.4,5
488,65ac8510-5d0e-11f0-9434-beb3bfa57af1,47,"[0, 0, 0, 0, 0]",3,0,0,,0.4,5
489,65ac8510-5d0e-11f0-9434-beb3bfa57af1,47,"[0, 0, 0, 0, 0]",4,0,0,,0.4,5
490,65ac8510-5d0e-11f0-9434-beb3bfa57af1,48,"[1, 1, 1, 1, 0]",0,1,-1,,0.4,5
491,65ac8510-5d0e-11f0-9434-beb3bfa57af1,48,"[1, 1, 1, 1, 0]",1,1,-1,,0.4,5
492,65ac8510-5d0e-11f0-9434-beb3bfa57af1,48,"[1, 1, 1, 1, 0]",2,1,-1,,0.4,5
493,65ac8510-5d0e-11f0-9434-beb3bfa57af1,48,"[1, 1, 1, 1, 0]",3,1,-1,,0.4,5
494,65ac8510-5d0e-11f0-9434-beb3bfa57af1,48,"[1, 1, 1, 1, 0]",4,0,0,,0.4,5
495,65ac8510-5d0e-11f0-9434-beb3bfa57af1,49,"[1, 1, 0, 0, 0]",0,1,1,,0.4,5
496,65ac8510-5d0e-11f0-9434-beb3bfa57af1,49,"[1, 1, 0, 0, 0]",1,1,1,,0.4,5
497,65ac8510-5d0e-11f0-9434-beb3bfa57af1,49,"[1, 1, 0, 0, 0]",2,0,0,,0.4,5
498,65ac8510-5d0e-11f0-9434-beb3bfa57af1,49,"[1, 1, 0, 0, 0]",3,0,0,,0.4,5
499,65ac8510-5d0e-11f0-9434-beb3bfa57af1,49,"[1, 1, 0, 0, 0]",4,0,0,,0.4,5
500,65aef32c-5d0e-11f0-9434-beb3bfa57af1,0,"[0, 1, 1, 0, 1]",0,0,0,,0.4,5
501,65aef32c-5d0e-11f0-9434-beb3bfa57af1,0,"[0, 1, 1, 0, 1]",1,1,-1,,0.4,5
502,65aef32c-5d0e-11f0-9434-beb3bfa57af1,0,"[0, 1, 1, 0, 1]",2,1,-1,,0.4,5
503,65aef32c-5d0e-11f0-9434-beb3bfa57af1,0,"[0, 1, 1, 0, 1]",3,0,0,,0.4,5
504,65aef32c-5d0e-11f0-9434-beb3bfa57af1,0,"[0, 1, 1, 0, 1]",4,1,-1,,0.4,5
505,65aef32c-5d0e-11f0-9434-beb3bfa57af1,1,"[0, 1, 0, 0, 0]",0,0,0,,0.4,5
506,65aef32c-5d0e-11f0-9434-beb3bfa57af1,1,"[0, 1, 0, 0, 0]",1,1,1,,0.4,5
507,65aef32c-5d0e-11f0-9434-beb3bfa57af1,1,"[0, 1, 0, 0, 0]",2,0,0,,0.4,5
508,65aef32c-5d0e-11f0-9434-beb3bfa57af1,1,"[0, 1, 0, 0, 0]",3,0,0,,0.4,5
509,65aef32c-5d0e-11f0-9434-beb3bfa57af1,1,"[0, 1, 0, 0, 0]",4,0,0,,0.4,5
510,65aef32c-5d0e-11f0-9434-beb3bfa57af1,2,"[0, 1, 0, 1, 0]",0,0,0,,0.4,5
511,65aef32c-5d0e-11f0-9434-beb3bfa57af1,2,"[0, 1, 0, 1, 0]",1,1,1,,0.4,5
512,65aef32c-5d0e-11f0-9434-beb3bfa57af1,2,"[0, 1, 0, 1, 0]",2,0,0,,0.4,5
513,65aef32c-5d0e-11f0-9434-beb3bfa57af1,2,"[0, 1, 0, 1, 0]",3,1,1,,0.4,5
514,65aef32c-5d0e-11f0-9434-beb3bfa57af1,2,"[0, 1, 0, 1, 0]",4,0,0,,0.4,5
515,65aef32c-5d0e-11f0-9434-beb3bfa57af1,3,"[1, 1, 0, 0, 1]",0,1,-1,,0.4,5
516,65aef32c-5d0e-11f0-9434-beb3bfa57af1,3,"[1, 1, 0, 0, 1]",1,1,-1,,0.4,5
517,65aef32c-5d0e-11f0-9434-beb3bfa57af1,3,"[1, 1, 0, 0, 1]",2,0,0,,0.4,5
518,65aef32c-5d0e-11f0-9434-beb3bfa57af1,3,"[1, 1, 0, 0, 1]",3,0,0,,0.4,5
519,65aef32c-5d0e-11f0-9434-beb3bfa57af1,3,"[1, 1, 0, 0, 1]",4,1,-1,,0.4,5
520,65aef32c-5d0e-11f0-9434-beb3bfa57af1,4,"[1, 1, 0, 0, 1]",0,1,-1,,0.4,5
521,65aef32c-5d0e-11f0-9434-beb3bfa57af1,4,"[1, 1, 0, 0, 1]",1,1,-1,,0.4,5
522,65aef32c-5d0e-11f0-9434-beb3bfa57af1,4,"[1, 1, 0, 0, 1]",2,0,0,,0.4,5
523,65aef32c-5d0e-11f0-9434-beb3bfa57af1,4,"[1, 1, 0, 0, 1]",3,0,0,,0.4,5
524,65aef32c-5d0e-11f0-9434-beb3bfa57af1,4,"[1, 1, 0, 0, 1]",4,1,-1,,0.4,5
525,65aef32c-5d0e-11f0-9434-beb3bfa57af1,5,"[0, 0, 1, 1, 0]",0,0,0,,0.4,5
526,65aef32c-5d0e-11f0-9434-beb3bfa57af1,5,"[0, 0, 1, 1, 0]",1,0,0,,0.4,5
527,65aef32c-5d0e-11f0-9434-beb3bfa57af1,5,"[0, 0, 1, 1, 0]",2,1,1,,0.4,5
528,65aef32c-5d0e-11f0-9434-beb3bfa57af1,5,"[0, 0, 1, 1, 0]",3,1,1,,0.4,5
529,65aef32c-5d0e-11f0-9434-beb3bfa57af1,5,"[0, 0, 1, 1, 0]",4,0,0,,0.4,5
530,65aef32c-5d0e-11f0-9434-beb3bfa57af1,6,"[0, 1, 0, 0, 0]",0,0,0,,0.4,5
531,65aef32c-5d0e-11f0-9434-beb3bfa57af1,6,"[0, 1, 0, 0, 0]",1,1,1,,0.4,5
532,65aef32c-5d0e-11f0-9434-beb3bfa57af1,6,"[0, 1, 0, 0, 0]",2,0,0,,0.4,5
533,65aef32c-5d0e-11f0-9434-beb3bfa57af1,6,"[0, 1, 0, 0, 0]",3,0,0,,0.4,5
534,65aef32c-5d0e-11f0-9434-beb3bfa57af1,6,"[0, 1, 0, 0, 0]",4,0,0,,0.4,5
535,65aef32c-5d0e-11f0-9434-beb3bfa57af1,7,"[0, 1, 0, 0, 1]",0,0,0,,0.4,5
536,65aef32c-5d0e-11f0-9434-beb3bfa57af1,7,"[0, 1, 0, 0, 1]",1,1,1,,0.4,5
537,65aef32c-5d0e-11f0-9434-beb3bfa57af1,7,"[0, 1, 0, 0, 1]",2,0,0,,0.4,5
538,65aef32c-5d0e-11f0-9434-beb3bfa57af1,7,"[0, 1, 0, 0, 1]",3,0,0,,0.4,5
539,65aef32c-5d0e-11f0-9434-beb3bfa57af1,7,"[0, 1, 0, 0, 1]",4,1,1,,0.4,5
540,65aef32c-5d0e-11f0-9434-beb3bfa57af1,8,"[0, 1, 0, 1, 1]",0,0,0,,0.4,5
541,65aef32c-5d0e-11f0-9434-beb3bfa57af1,8,"[0, 1, 0, 1, 1]",1,1,-1,,0.4,5
542,65aef32c-5d0e-11f0-9434-beb3bfa57af1,8,"[0, 1, 0, 1, 1]",2,0,0,,0.4,5
543,65aef32c-5d0e-11f0-9434-beb3bfa57af1,8,"[0, 1, 0, 1, 1]",3,1,-1,,0.4,5
544,65aef32c-5d0e-11f0-9434-beb3bfa57af1,8,"[0, 1, 0, 1, 1]",4,1,-1,,0.4,5
545,65aef32c-5d0e-11f0-9434-beb3bfa57af1,9,"[0, 1, 0, 0, 0]",0,0,0,,0.4,5
546,65aef32c-5d0e-11f0-9434-beb3bfa57af1,9,"[0, 1, 0, 0, 0]",1,1,1,,0.4,5
547,65aef32c-5d0e-11f0-9434-beb3bfa57af1,9,"[0, 1, 0, 0, 0]",2,0,0,,0.4,5
548,65aef32c-5d0e-11f0-9434-beb3bfa57af1,9,"[0, 1, 0, 0, 0]",3,0,0,,0.4,5
549,65aef32c-5d0e-11f0-9434-beb3bfa57af1,9,"[0, 1, 0, 0, 0]",4,0,0,,0.4,5
550,65aef32c-5d0e-11f0-9434-beb3bfa57af1,10,"[0, 1, 0, 0, 1]",0,0,0,,0.4,5
551,65aef32c-5d0e-11f0-9434-beb3bfa57af1,10,"[0, 1, 0, 0, 1]",1,1,1,,0.4,5
552,65aef32c-5d0e-11f0-9434-beb3bfa57af1,10,"[0, 1, 0, 0, 1]",2,0,0,,0.4,5
553,65aef32c-5d0e-11f0-9434-beb3bfa57af1,10,"[0, 1, 0, 0, 1]",3,0,0,,0.4,5
554,65aef32c-5d0e-11f0-9434-beb3bfa57af1,10,"[0, 1, 0, 0, 1]",4,1,1,,0.4,5
555,65aef32c-5d0e-11f0-9434-beb3bfa57af1,11,"[1, 0, 0, 1, 0]",0,1,1,,0.4,5
556,65aef32c-5d0e-11f0-9434-beb3bfa57af1,11,"[1, 0, 0, 1, 0]",1,0,0,,0.4,5
557,65aef32c-5d0e-11f0-9434-beb3bfa57af1,11,"[1, 0, 0, 1, 0]",2,0,0,,0.4,5
558,65aef32c-5d0e-11f0-9434-beb3bfa57af1,11,"[1, 0, 0, 1, 0]",3,1,1,,0.4,5
559,65aef32c-5d0e-11f0-9434-beb3bfa57af1,11,"[1, 0, 0, 1, 0]",4,0,0,,0.4,5
560,65aef32c-5d0e-11f0-9434-beb3bfa57af1,12,"[1, 0, 0, 0, 1]",0,1,1,,0.4,5
561,65aef32c-5d0e-11f0-9434-beb3bfa57af1,12,"[1, 0, 0, 0, 1]",1,0,0,,0.4,5
562,65aef32c-5d0e-11f0-9434-beb3bfa57af1,12,"[1, 0, 0, 0, 1]",2,0,0,,0.4,5
563,65aef32c-5d0e-11f0-9434-beb3bfa57af1,12,"[1, 0, 0, 0, 1]",3,0,0,,0.4,5
564,65aef32c-5d0e-11f0-9434-beb3bfa57af1,12,"[1, 0, 0, 0, 1]",4,1,1,,0.4,5
565,65aef32c-5d0e-11f0-9434-beb3bfa57af1,13,"[1, 1, 0, 0, 1]",0,1,-1,,0.4,5
566,65aef32c-5d0e-11f0-9434-beb3bfa57af1,13,"[1, 1, 0, 0, 1]",1,1,-1,,0.4,5
567,65aef32c-5d0e-11f0-9434-beb3bfa57af1,13,"[1, 1, 0, 0, 1]",2,0,0,,0.4,5
568,65aef32c-5d0e-11f0-9434-beb3bfa57af1,13,"[1, 1, 0, 0, 1]",3,0,0,,0.4,5
569,65aef32c-5d0e-11f0-9434-beb3bfa57af1,13,"[1, 1, 0, 0, 1]",4,1,-1,,0.4,5
570,65aef32c-5d0e-11f0-9434-beb3bfa57af1,14,"[1, 1, 0, 1, 0]",0,1,-1,,0.4,5
571,65aef32c-5d0e-11f0-9434-beb3bfa57af1,14,"[1, 1, 0, 1, 0]",1,1,-1,,0.4,5
572,65aef32c-5d0e-11f0-9434-beb3bfa57af1,14,"[1, 1, 0, 1, 0]",2,0,0,,0.4,5
573,65aef32c-5d0e-11f0-9434-beb3bfa57af1,14,"[1, 1, 0, 1, 0]",3,1,-1,,0.4,5
574,65aef32c-5d0e-11f0-9434-beb3bfa57af1,14,"[1, 1, 0, 1, 0]",4,0,0,,0.4,5
575,65aef32c-5d0e-11f0-9434-beb3bfa57af1,15,"[1, 1, 0, 1, 0]",0,1,-1,,0.4,5
576,65aef32c-5d0e-11f0-9434-beb3bfa57af1,15,"[1, 1, 0, 1, 0]",1,1,-1,,0.4,5
577,65aef32c-5d0e-11f0-9434-beb3bfa57af1,15,"[1, 1, 0, 1, 0]",2,0,0,,0.4,5
578,65aef32c-5d0e-11f0-9434-beb3bfa57af1,15,"[1, 1, 0, 1, 0]",3,1,-1,,0.4,5
579,65aef32c-5d0e-11f0-9434-beb3bfa57af1,15,"[1, 1, 0, 1, 0]",4,0,0,,0.4,5
580,65aef32c-5d0e-11f0-9434-beb3bfa57af1,16,"[0, 1, 1, 1, 0]",0,0,0,,0.4,5
581,65aef32c-5d0e-11f0-9434-beb3bfa57af1,16,"[0, 1, 1, 1, 0]",1,1,-1,,0.4,5
582,65aef32c-5d0e-11f0-9434-beb3bfa57af1,16,"[0, 1, 1, 1, 0]",2,1,-1,,0.4,5
583,65aef32c-5d0e-11f0-9434-beb3bfa57af1,16,"[0, 1, 1, 1, 0]",3,1,-1,,0.4,5
584,65aef32c-5d0e-11f0-9434-beb3bfa57af1,16,"[0, 1, 1, 1, 0]",4,0,0,,0.4,5
585,65aef32c-5d0e-11f0-9434-beb3bfa57af1,17,"[0, 0, 0, 0, 0]",0,0,0,,0.4,5
586,65aef32c-5d0e-11f0-9434-beb3bfa57af1,17,"[0, 0, 0, 0, 0]",1,0,0,,0.4,5
587,65aef32c-5d0e-11f0-9434-beb3bfa57af1,17,"[0, 0, 0, 0, 0]",2,0,0,,0.4,5
588,65aef32c-5d0e-11f0-9434-beb3bfa57af1,17,"[0, 0, 0, 0, 0]",3,0,0,,0.4,5
589,65aef32c-5d0e-11f0-9434-beb3bfa57af1,17,"[0, 0, 0, 0, 0]",4,0,0,,0.4,5
590,65aef32c-5d0e-11f0-9434-beb3bfa57af1,18,"[1, 1, 0, 1, 1]",0,1,-1,,0.4,5
591,65aef32c-5d0e-11f0-9434-beb3bfa57af1,18,"[1, 1, 0, 1, 1]",1,1,-1,,0.4,5
592,65aef32c-5d0e-11f0-9434-beb3bfa57af1,18,"[1, 1, 0, 1, 1]",2,0,0,,0.4,5
593,65aef32c-5d0e-11f0-9434-beb3bfa57af1,18,"[1, 1, 0, 1, 1]",3,1,-1,,0.4,5
594,65aef32c-5d0e-11f0-9434-beb3bfa57af1,18,"[1, 1, 0, 1, 1]",4,1,-1,,0.4,5
595,65aef32c-5d0e-11f0-9434-beb3bfa57af1,19,"[1, 1, 1, 1, 1]",0,1,-1,,0.4,5
596,65aef32c-5d0e-11f0-9434-beb3bfa57af1,19,"[1, 1, 1, 1, 1]",1,1,-1,,0.4,5
597,65aef32c-5d0e-11f0-9434-beb3bfa57af1,19,"[1, 1, 1, 1, 1]",2,1,-1,,0.4,5
598,65aef32c-5d0e-11f0-9434-beb3bfa57af1,19,"[1, 1, 1, 1, 1]",3,1,-1,,0.4,5
599,65aef32c-5d0e-11f0-9434-beb3bfa57af1,19,"[1, 1, 1, 1, 1]",4,1,-1,,0.4,5
600,65aef32c-5d0e-11f0-9434-beb3bfa57af1,20,"[1, 0, 1, 1, 0]",0,1,-1,,0.4,5
601,65aef32c-5d0e-11f0-9434-beb3bfa57af1,20,"[1, 0, 1, 1, 0]",1,0,0,,0.4,5
602,65aef32c-5d0e-11f0-9434-beb3bfa57af1,20,"[1, 0, 1, 1, 0]",2,1,-1,,0.4,5
603,65aef32c-5d0e-11f0-9434-beb3bfa57af1,20,"[1, 0, 1, 1, 0]",3,1,-1,,0.4,5
604,65aef32c-5d0e-11f0-9434-beb3bfa57af1,20,"[1, 0, 1, 1, 0]",4,0,0,,0.4,5
605,65aef32c-5d0e-11f0-9434-beb3bfa57af1,21,"[0, 0, 1, 0, 1]",0,0,0,,0.4,5
606,65aef32c-5d0e-11f0-9434-beb3bfa57af1,21,"[0, 0, 1, 0, 1]",1,0,0,,0.4,5
607,65aef32c-5d0e-11f0-9434-beb3bfa57af1,21,"[0, 0, 1, 0, 1]",2,1,1,,0.4,5
608,65aef32c-5d0e-11f0-9434-beb3bfa57af1,21,"[0, 0, 1, 0, 1]",3,0,0,,0.4,5
609,65aef32c-5d0e-11f0-9434-beb3bfa57af1,21,"[0, 0, 1, 0, 1]",4,1,1,,0.4,5
610,65aef32c-5d0e-11f0-9434-beb3bfa57af1,22,"[0, 0, 0, 0, 1]",0,0,0,,0.4,5
611,65aef32c-5d0e-11f0-9434-beb3bfa57af1,22,"[0, 0, 0, 0, 1]",1,0,0,,0.4,5
612,65aef32c-5d0e-11f0-9434-beb3bfa57af1,22,"[0, 0, 0, 0, 1]",2,0,0,,0.4,5
613,65aef32c-5d0e-11f0-9434-beb3bfa57af1,22,"[0, 0, 0, 0, 1]",3,0,0,,0.4,5
614,65aef32c-5d0e-11f0-9434-beb3bfa57af1,22,"[0, 0, 0, 0, 1]",4,1,1,,0.4,5
615,65aef32c-5d0e-11f0-9434-beb3bfa57af1,23,"[1, 0, 0, 0, 1]",0,1,1,,0.4,5
616,65aef32c-5d0e-11f0-9434-beb3bfa57af1,23,"[1, 0, 0, 0, 1]",1,0,0,,0.4,5
617,65aef32c-5d0e-11f0-9434-beb3bfa57af1,23,"[1, 0, 0, 0, 1]",2,0,0,,0.4,5
618,65aef32c-5d0e-11f0-9434-beb3bfa57af1,23,"[1, 0, 0, 0, 1]",3,0,0,,0.4,5
619,65aef32c-5d0e-11f0-9434-beb3bfa57af1,23,"[1, 0, 0, 0, 1]",4,1,1,,0.4,5
620,65aef32c-5d0e-11f0-9434-beb3bfa57af1,24,"[1, 0, 0, 1, 0]",0,1,1,,0.4,5
621,65aef32c-5d0e-11f0-9434-beb3bfa57af1,24,"[1, 0, 0, 1, 0]",1,0,0,,0.4,5
622,65aef32c-5d0e-11f0-9434-beb3bfa57af1,24,"[1, 0, 0, 1, 0]",2,0,0,,0.4,5
623,65aef32c-5d0e-11f0-9434-beb3bfa57af1,24,"[1, 0, 0, 1, 0]",3,1,1,,0.4,5
624,65aef32c-5d0e-11f0-9434-beb3bfa57af1,24,"[1, 0, 0, 1, 0]",4,0,0,,0.4,5
625,65aef32c-5d0e-11f0-9434-beb3bfa57af1,25,"[1, 0, 0, 0, 1]",0,1,1,,0.4,5
626,65aef32c-5d0e-11f0-9434-beb3bfa57af1,25,"[1, 0, 0, 0, 1]",1,0,0,,0.4,5
627,65aef32c-5d0e-11f0-9434-beb3bfa57af1,25,"[1, 0, 0, 0, 1]",2,0,0,,0.4,5
628,65aef32c-5d0e-11f0-9434-beb3bfa57af1,25,"[1, 0, 0, 0, 1]",3,0,0,,0.4,5
629,65aef32c-5d0e-11f0-9434-beb3bfa57af1,25,"[1, 0, 0, 0, 1]",4,1,1,,0.4,5
630,65aef32c-5d0e-11f0-9434-beb3bfa57af1,26,"[1, 0, 1, 1, 0]",0,1,-1,,0.4,5
631,65aef32c-5d0e-11f0-9434-beb3bfa57af1,26,"[1, 0, 1, 1, 0]",1,0,0,,0.4,5
632,65aef32c-5d0e-11f0-9434-beb3bfa57af1,26,"[1, 0, 1, 1, 0]",2,1,-1,,0.4,5
633,65aef32c-5d0e-11f0-9434-beb3bfa57af1,26,"[1, 0, 1, 1, 0]",3,1,-1,,0.4,5
634,65aef32c-5d0e-11f0-9434-beb3bfa57af1,26,"[1, 0, 1, 1, 0]",4,0,0,,0.4,5
635,65aef32c-5d0e-11f0-9434-beb3bfa57af1,27,"[0, 0, 0, 0, 0]",0,0,0,,0.4,5
636,65aef32c-5d0e-11f0-9434-beb3bfa57af1,27,"[0, 0, 0, 0, 0]",1,0,0,,0.4,5
637,65aef32c-5d0e-11f0-9434-beb3bfa57af1,27,"[0, 0, 0, 0, 0]",2,0,0,,0.4,5
638,65aef32c-5d0e-11f0-9434-beb3bfa57af1,27,"[0, 0, 0, 0, 0]",3,0,0,,0.4,5
639,65aef32c-5d0e-11f0-9434-beb3bfa57af1,27,"[0, 0, 0, 0, 0]",4,0,0,,0.4,5
640,65aef32c-5d0e-11f0-9434-beb3bfa57af1,28,"[0, 1, 1, 0, 0]",0,0,0,,0.4,5
641,65aef32c-5d0e-11f0-9434-beb3bfa57af1,28,"[0, 1, 1, 0, 0]",1,1,1,,0.4,5
642,65aef32c-5d0e-11f0-9434-beb3bfa57af1,28,"[0, 1, 1, 0, 0]",2,1,1,,0.4,5
643,65aef32c-5d0e-11f0-9434-beb3bfa57af1,28,"[0, 1, 1, 0, 0]",3,0,0,,0.4,5
644,65aef32c-5d0e-11f0-9434-beb3bfa57af1,28,"[0, 1, 1, 0, 0]",4,0,0,,0.4,5
645,65aef32c-5d0e-11f0-9434-beb3bfa57af1,29,"[0, 0, 1, 0, 0]",0,0,0,,0.4,5
646,65aef32c-5d0e-11f0-9434-beb3bfa57af1,29,"[0, 0, 1, 0, 0]",1,0,0,,0.4,5
647,65aef32c-5d0e-11f0-9434-beb3bfa57af1,29,"[0, 0, 1, 0, 0]",2,1,1,,0.4,5
648,65aef32c-5d0e-11f0-9434-beb3bfa57af1,29,"[0, 0, 1, 0, 0]",3,0,0,,0.4,5
649,65aef32c-5d0e-11f0-9434-beb3bfa57af1,29,"[0, 0, 1, 0, 0]",4,0,0,,0.4,5
650,65aef32c-5d0e-11f0-9434-beb3bfa57af1,30,"[1, 1, 0, 0, 0]",0,1,1,,0.4,5
651,65aef32c-5d0e-11f0-9434-beb3bfa57af1,30,"[1, 1, 0, 0, 0]",1,1,1,,0.4,5
652,65aef32c-5d0e-11f0-9434-beb3bfa57af1,30,"[1, 1, 0, 0, 0]",2,0,0,,0.4,5
653,65aef32c-5d0e-11f0-9434-beb3bfa57af1,30,"[1, 1, 0, 0, 0]",3,0,0,,0.4,5
654,65aef32c-5d0e-11f0-9434-beb3bfa57af1,30,"[1, 1, 0, 0, 0]",4,0,0,,0.4,5
655,65aef32c-5d0e-11f0-9434-beb3bfa57af1,31,"[1, 0, 0, 1, 1]",0,1,-1,,0.4,5
656,65aef32c-5d0e-11f0-9434-beb3bfa57af1,31,"[1, 0, 0, 1, 1]",1,0,0,,0.4,5
657,65aef32c-5d0e-11f0-9434-beb3bfa57af1,31,"[1, 0, 0, 1, 1]",2,0,0,,0.4,5
658,65aef32c-5d0e-11f0-9434-beb3bfa57af1,31,"[1, 0, 0, 1, 1]",3,1,-1,,0.4,5
659,65aef32c-5d0e-11f0-9434-beb3bfa57af1,31,"[1, 0, 0, 1, 1]",4,1,-1,,0.4,5
660,65aef32c-5d0e-11f0-9434-beb3bfa57af1,32,"[0, 1, 0, 0, 0]",0,0,0,,0.4,5
661,65aef32c-5d0e-11f0-9434-beb3bfa57af1,32,"[0, 1, 0, 0, 0]",1,1,1,,0.4,5
662,65aef32c-5d0e-11f0-9434-beb3bfa57af1,32,"[0, 1, 0, 0, 0]",2,0,0,,0.4,5
663,65aef32c-5d0e-11f0-9434-beb3bfa57af1,32,"[0, 1, 0, 0, 0]",3,0,0,,0.4,5
664,65aef32c-5d0e-11f0-9434-beb3bfa57af1,32,"[0, 1, 0, 0, 0]",4,0,0,,0.4,5
665,65aef32c-5d0e-11f0-9434-beb3bfa57af1,33,"[1, 1, 1, 1, 1]",0,1,-1,,0.4,5
666,65aef32c-5d0e-11f0-9434-beb3bfa57af1,33,"[1, 1, 1, 1, 1]",1,1,-1,,0.4,5
667,65aef32c-5d0e-11f0-9434-beb3bfa57af1,33,"[1, 1, 1, 1, 1]",2,1,-1,,0.4,5
668,65aef32c-5d0e-11f0-9434-beb3bfa57af1,33,"[1, 1, 1, 1, 1]",3,1,-1,,0.4,5
669,65aef32c-5d0e-11f0-9434-beb3bfa57af1,33,"[1, 1, 1, 1, 1]",4,1,-1,,0.4,5
670,65aef32c-5d0e-11f0-9434-beb3bfa57af1,34,"[0, 0, 1, 0, 0]",0,0,0,,0.4,5
671,65aef32c-5d0e-11f0-9434-beb3bfa57af1,34,"[0, 0, 1, 0, 0]",1,0,0,,0.4,5
672,65aef32c-5d0e-11f0-9434-beb3bfa57af1,34,"[0, 0, 1, 0, 0]",2,1,1,,0.4,5
673,65aef32c-5d0e-11f0-9434-beb3bfa57af1,34,"[0, 0, 1, 0, 0]",3,0,0,,0.4,5
674,65aef32c-5d0e-11f0-9434-beb3bfa57af1,34,"[0, 0, 1, 0, 0]",4,0,0,,0.4,5
675,65aef32c-5d0e-11f0-9434-beb3bfa57af1,35,"[0, 1, 1, 1, 1]",0,0,0,,0.4,5
676,65aef32c-5d0e-11f0-9434-beb3bfa57af1,35,"[0, 1, 1, 1, 1]",1,1,-1,,0.4,5
677,65aef32c-5d0e-11f0-9434-beb3bfa57af1,35,"[0, 1, 1, 1, 1]",2,1,-1,,0.4,5
678,65aef32c-5d0e-11f0-9434-beb3bfa57af1,35,"[0, 1, 1, 1, 1]",3,1,-1,,0.4,5
679,65aef32c-5d0e-11f0-9434-beb3bfa57af1,35,"[0, 1, 1, 1, 1]",4,1,-1,,0.4,5
680,65aef32c-5d0e-11f0-9434-beb3bfa57af1,36,"[1, 0, 0, 1, 0]",0,1,1,,0.4,5
681,65aef32c-5d0e-11f0-9434-beb3bfa57af1,36,"[1, 0, 0, 1, 0]",1,0,0,,0.4,5
682,65aef32c-5d0e-11f0-9434-beb3bfa57af1,36,"[1, 0, 0, 1, 0]",2,0,0,,0.4,5
683,65aef32c-5d0e-11f0-9434-beb3bfa57af1,36,"[1, 0, 0, 1, 0]",3,1,1,,0.4,5
684,65aef32c-5d0e-11f0-9434-beb3bfa57af1,36,"[1, 0, 0, 1, 0]",4,0,0,,0.4,5
685,65aef32c-5d0e-11f0-9434-beb3bfa57af1,37,"[1, 0, 1, 1, 1]",0,1,-1,,0.4,5
686,65aef32c-5d0e-11f0-9434-beb3bfa57af1,37,"[1, 0, 1, 1, 1]",1,0,0,,0.4,5
687,65aef32c-5d0e-11f0-9434-beb3bfa57af1,37,"[1, 0, 1, 1, 1]",2,1,-1,,0.4,5
688,65aef32c-5d0e-11f0-9434-beb3bfa57af1,37,"[1, 0, 1, 1, 1]",3,1,-1,,0.4,5
689,65aef32c-5d0e-11f0-9434-beb3bfa57af1,37,"[1, 0, 1, 1, 1]",4,1,-1,,0.4,5
690,65aef32c-5d0e-11f0-9434-beb3bfa57af1,38,"[1, 1, 1, 0, 0]",0,1,-1,,0.4,5
691,65aef32c-5d0e-11f0-9434-beb3bfa57af1,38,"[1, 1, 1, 0, 0]",1,1,-1,,0.4,5
692,65aef32c-5d0e-11f0-9434-beb3bfa57af1,38,"[1, 1, 1, 0, 0]",2,1,-1,,0.4,5
693,65aef32c-5d0e-11f0-9434-beb3bfa57af1,38,"[1, 1, 1, 0, 0]",3,0,0,,0.4,5
694,65aef32c-5d0e-11f0-9434-beb3bfa57af1,38,"[1, 1, 1, 0, 0]",4,0,0,,0.4,5
695,65aef32c-5d0e-11f0-9434-beb3bfa57af1,39,"[0, 1, 1, 1, 0]",0,0,0,,0.4,5
696,65aef32c-5d0e-11f0-9434-beb3bfa57af1,39,"[0, 1, 1, 1, 0]",1,1,-1,,0.4,5
697,65aef32c-5d0e-11f0-9434-beb3bfa57af1,39,"[0, 1, 1, 1, 0]",2,1,-1,,0.4,5
698,65aef32c-5d0e-11f0-9434-beb3bfa57af1,39,"[0, 1, 1, 1, 0]",3,1,-1,,0.4,5
699,65aef32c-5d0e-11f0-9434-beb3bfa57af1,39,"[0, 1, 1, 1, 0]",4,0,0,,0.4,5
700,65aef32c-5d0e-11f0-9434-beb3bfa57af1,40,"[1, 0, 0, 0, 0]",0,1,1,,0.4,5
701,65aef32c-5d0e-11f0-9434-beb3bfa57af1,40,"[1, 0, 0, 0, 0]",1,0,0,,0.4,5
702,65aef32c-5d0e-11f0-9434-beb3bfa57af1,40,"[1, 0, 0, 0, 0]",2,0,0,,0.4,5
703,65aef32c-5d0e-11f0-9434-beb3bfa57af1,40,"[1, 0, 0, 0, 0]",3,0,0,,0.4,5
704,65aef32c-5d0e-11f0-9434-beb3bfa57af1,40,"[1, 0, 0, 0, 0]",4,0,0,,0.4,5
705,65aef32c-5d0e-11f0-9434-beb3bfa57af1,41,"[1, 0, 0, 1, 1]",0,1,-1,,0.4,5
706,65aef32c-5d0e-11f0-9434-beb3bfa57af1,41,"[1, 0, 0, 1, 1]",1,0,0,,0.4,5
707,65aef32c-5d0e-11f0-9434-beb3bfa57af1,41,"[1, 0, 0, 1, 1]",2,0,0,,0.4,5
708,65aef32c-5d0e-11f0-9434-beb3bfa57af1,41,"[1, 0, 0, 1, 1]",3,1,-1,,0.4,5
709,65aef32c-5d0e-11f0-9434-beb3bfa57af1,41,"[1, 0, 0, 1, 1]",4,1,-1,,0.4,5
710,65aef32c-5d0e-11f0-9434-beb3bfa57af1,42,"[0, 1, 0, 0, 0]",0,0,0,,0.4,5
711,65aef32c-5d0e-11f0-9434-beb3bfa57af1,42,"[0, 1, 0, 0, 0]",1,1,1,,0.4,5
712,65aef32c-5d0e-11f0-9434-beb3bfa57af1,42,"[0, 1, 0, 0, 0]",2,0,0,,0.4,5
713,65aef32c-5d0e-11f0-9434-beb3bfa57af1,42,"[0, 1, 0, 0, 0]",3,0,0,,0.4,5
714,65aef32c-5d0e-11f0-9434-beb3bfa57af1,42,"[0, 1, 0, 0, 0]",4,0,0,,0.4,5
715,65aef32c-5d0e-11f0-9434-beb3bfa57af1,43,"[1, 1, 1, 1, 1]",0,1,-1,,0.4,5
716,65aef32c-5d0e-11f0-9434-beb3bfa57af1,43,"[1, 1, 1, 1, 1]",1,1,-1,,0.4,5
717,65aef32c-5d0e-11f0-9434-beb3bfa57af1,43,"[1, 1, 1, 1, 1]",2,1,-1,,0.4,5
718,65aef32c-5d0e-11f0-9434-beb3bfa57af1,43,"[1, 1, 1, 1, 1]",3,1,-1,,0.4,5
719,65aef32c-5d0e-11f0-9434-beb3bfa57af1,43,"[1, 1, 1, 1, 1]",4,1,-1,,0.4,5
720,65aef32c-5d0e-11f0-9434-beb3bfa57af1,44,"[1, 0, 0, 1, 1]",0,1,-1,,0.4,5
721,65aef32c-5d0e-11f0-9434-beb3bfa57af1,44,"[1, 0, 0, 1, 1]",1,0,0,,0.4,5
722,65aef32c-5d0e-11f0-9434-beb3bfa57af1,44,"[1, 0, 0, 1, 1]",2,0,0,,0.4,5
723,65aef32c-5d0e-11f0-9434-beb3bfa57af1,44,"[1, 0, 0, 1, 1]",3,1,-1,,0.4,5
724,65aef32c-5d0e-11f0-9434-beb3bfa57af1,44,"[1, 0, 0, 1, 1]",4,1,-1,,0.4,5
725,65aef32c-5d0e-11f0-9434-beb3bfa57af1,45,"[1, 0, 0, 1, 0]",0,1,1,,0.4,5
726,65aef32c-5d0e-11f0-9434-beb3bfa57af1,45,"[1, 0, 0, 1, 0]",1,0,0,,0.4,5
727,65aef32c-5d0e-11f0-9434-beb3bfa57af1,45,"[1, 0, 0, 1, 0]",2,0,0,,0.4,5
728,65aef32c-5d0e-11f0-9434-beb3bfa57af1,45,"[1, 0, 0, 1, 0]",3,1,1,,0.4,5
729,65aef32c-5d0e-11f0-9434-beb3bfa57af1,45,"[1, 0, 0, 1, 0]",4,0,0,,0.4,5
730,65aef32c-5d0e-11f0-9434-beb3bfa57af1,46,"[1, 0, 1, 1, 0]",0,1,-1,,0.4,5
731,65aef32c-5d0e-11f0-9434-beb3bfa57af1,46,"[1, 0, 1, 1, 0]",1,0,0,,0.4,5
732,65aef32c-5d0e-11f0-9434-beb3bfa57af1,46,"[1, 0, 1, 1, 0]",2,1,-1,,0.4,5
733,65aef32c-5d0e-11f0-9434-beb3bfa57af1,46,"[1, 0, 1, 1, 0]",3,1,-1,,0.4,5
734,65aef32c-5d0e-11f0-9434-beb3bfa57af1,46,"[1, 0, 1, 1, 0]",4,0,0,,0.4,5
735,65aef32c-5d0e-11f0-9434-beb3bfa57af1,47,"[0, 0, 1, 0, 1]",0,0,0,,0.4,5
736,65aef32c-5d0e-11f0-9434-beb3bfa57af1,47,"[0, 0, 1, 0, 1]",1,0,0,,0.4,5
737,65aef32c-5d0e-11f0-9434-beb3bfa57af1,47,"[0, 0, 1, 0, 1]",2,1,1,,0.4,5
738,65aef32c-5d0e-11f0-9434-beb3bfa57af1,47,"[0, 0, 1, 0, 1]",3,0,0,,0.4,5
739,65aef32c-5d0e-11f0-9434-beb3bfa57af1,47,"[0, 0, 1, 0, 1]",4,1,1,,0.4,5
740,65aef32c-5d0e-11f0-9434-beb3bfa57af1,48,"[1, 0, 0, 1, 1]",0,1,-1,,0.4,5
741,65aef32c-5d0e-11f0-9434-beb3bfa57af1,48,"[1, 0, 0, 1, 1]",1,0,0,,0.4,5
742,65aef32c-5d0e-11f0-9434-beb3bfa57af1,48,"[1, 0, 0, 1, 1]",2,0,0,,0.4,5
743,65aef32c-5d0e-11f0-9434-beb3bfa57af1,48,"[1, 0, 0, 1, 1]",3,1,-1,,0.4,5
744,65aef32c-5d0e-11f0-9434-beb3bfa57af1,48,"[1, 0, 0, 1, 1]",4,1,-1,,0.4,5
745,65aef32c-5d0e-11f0-9434-beb3bfa57af1,49,"[0, 1, 1, 0, 0]",0,0,0,,0.4,5
746,65aef32c-5d0e-11f0-9434-beb3bfa57af1,49,"[0, 1, 1, 0, 0]",1,1,1,,0.4,5
747,65aef32c-5d0e-11f0-9434-beb3bfa57af1,49,"[0, 1, 1, 0, 0]",2,1,1,,0.4,5
748,65aef32c-5d0e-11f0-9434-beb3bfa57af1,49,"[0, 1, 1, 0, 0]",3,0,0,,0.4,5
749,65aef32c-5d0e-11f0-9434-beb3bfa57af1,49,"[0, 1, 1, 0, 0]",4,0,0,,0.4,5
